npi,org_name,city,state,website,fb_page,fb_page_id,fb_page_url
1477806644,"ADORATION HOMECARE, INC",DALLAS,TX,https://dallashomecare.org/agencies/adoration-homecare-inc,Adoration Home Health,,https://www.facebook.com/AdorationHH
1598444390,A1 RECOVERY CENTER LLC,MIAMI,FL,,A1 RECOVERY,,https://www.facebook.com/a1recovery
1982290417,"ACCELERATED EDUCATIONAL & HEALTH SERVICES, LLC",HOUSTON,TX,,FacebookFacebook - log in or sign upAccelerated Health LLC.,,https://www.facebook.com/acceleratedhomehealth
1487985982,"SET FREE VENTURES, INC",FORT WORTH,TX,,Free A Wild Dream,,https://www.facebook.com/Dreamfreeventures
1699210823,"AITCH BEE PHYSICAL THERAPY & WELLNESS, LLC",ROCKWALL,TX,,Aitch Bee,,https://www.facebook.com/djaitchb2
1871510388,"AHM ACTION HOME HEALTH, LP",NACOGDOCHES,TX,https://feedam.org/resource/542982,feedamericaorg,,https://www.facebook.com/actionhomesolutions
1265801062,"ADULT SOLUTION HOME HEALTH, INC",EL PASO,TX,,"A Better Solution, Inc.",,https://www.facebook.com/abettersolutionhomecare
1063062248,ADORIE HOSPICE CARE INC,CEDAR HILL,TX,,Adorie,,https://www.facebook.com/adorieskincare
1376850529,AJ HOMECARE CONNECTION INC,CARROLLTON,TX,,In-Home Care Connection Homecare & Hospice,,https://www.facebook.com/inhomecareconnection
1093875858,"AIMA HEALTH CARE, LLC",EDINBURG,TX,,Aima Home,,https://www.facebook.com/aima.home.7
1851139935,DYNAMIC HEALTHCARE CONSULTING AGENCY LLC,ARLINGTON,TX,,Dynamic Healthcare Solutions,,https://www.facebook.com/DynamicHealthcareSolutions
1427824044,ABOAD ABILITY HOME CARE CORP,LAUDERHILL,FL,,Ability HomeCare,,https://www.facebook.com/ability.homecare.9
1225945819,TRANQUIL MOMENTS HOMECARE LLC,FT LAUDERDALE,FL,,Tranquil Moments (@tranquil.moments),,https://www.facebook.com/tranquilmoments
1932073004,AKIRO ENTERPRISES LLC,HOUSTON,TX,,Akira Enterprises,,https://www.facebook.com/akiraenterprises
1467649160,ADVANCE CHOICE HOME HEALTH SERVICES,DESOTO,TX,https://advancechoice.org,Advance Home Care (@advance.h.care.7),,https://www.facebook.com/advance.h.care.7
1790389740,"AL-INCLUSIVE THERAPY SERVICES, PLLC",BURLESON,TX,https://alinclusivetherapy.com,ALinclusivetherapy,,https://www.facebook.com/InclusiveThrpy
1679367510,CRYSTAL HOME CARE AZ LLC,PHOENIX,AZ,https://phoenix-home-care.com/agencies/crystal-home-care-az-llc,Crystal Home Care,,https://www.facebook.com/crystalhomecareservice
1740445600,"AKSON PROFESSIONAL SERVICES, INC.",HOUSTON,TX,https://hospice.io/hospice/akson-professional-services-inc-houston-tx,Hanson Professional Services Inc.,,https://www.facebook.com/HansonProfessionalServices
1457644437,"ADVANCED ACTION THERAPY SERVICES, INC.",NORTH RICHLAND HILLS,TX,,Action Home Solutions,,https://www.facebook.com/actionhomesolutions
1457058935,AKIMA HEALTHCARE INC.,DALLAS,TX,,Akima,,https://www.facebook.com/akimayaak
1053701797,AJET HOME HEALTH CARE LLC,RICHMOND,TX,,Ajet Agency LLC,,https://www.facebook.com/ajetagency
1295379592,"AKOBEYANG LIFECARE, LLC",ROSENBERG,TX,,"Advantage Lifecare Solutions, LLC",,https://www.facebook.com/advantagelifecaresolutions
1801129192,A ABUNDANT CARE HOME HEALTH LLC,SAN ANTONIO,TX,,"Abundant Life Home Care Agency, LLC",,https://www.facebook.com/AbundantLIFEhomecareServ
1346577475,"ADAPTIVE HEALTHCARE SERVICES, LLC",HOUSTON,TX,,Adaptive Homecare,,https://www.facebook.com/AdaptiveHC
1912630609,SERENE EVOLUTION INC,HOUSTON,TX,,Serene Evolution,,https://www.facebook.com/SereneEvolution
1992000723,"AMAIN FAMILY HOMECARE SERVICES, INC",TAMPA,FL,,"Amain Services, LLC",,https://www.facebook.com/amainservicesllc
1528095569,"ADVANCED HOLISTIC HEALTHCARE SERVICES, INC.",HOUSTON,TX,,"Advanced Holistic HealthCare Services, Inc.",,https://www.facebook.com/AdvancedHolisticHealthCareServicesInc
1003662628,ABUNDANT LIFE HOME CARE,LAS VEGAS,NV,,"Abundant Life Home Care Agency, LLC",,https://www.facebook.com/AbundantLIFEhomecareServ
1871930826,1 AFFINITY HEALTHCARE SERVICES INC,HOUSTON,TX,,Affinity HealthCare Solutions,,https://www.facebook.com/AffinityHealthCareSolutions
1447106893,"ALLIED MEDICAL TRANSIT, LLC",FORT LAUDERDALE,FL,https://alliedmedicaltransit.com,Allied Services Hospice & Palliative Care,,https://www.facebook.com/alliedserviceshospice
1891732392,ADVANTAGE HEALTHCARE SERVICES INC,HOUSTON,TX,,Advantage Care Services,,https://www.facebook.com/advantagecareservices
1881904142,ADVANCED TESTING SERVICE,ARLINGTON,TX,,Home Testing Pros,,https://www.facebook.com/HomeTestingPros
1912752932,"A CARE CONNECTION OF TAMPA, LLC",TAMPA,FL,,In-Home Care Connection Homecare & Hospice,,https://www.facebook.com/inhomecareconnection
1942601737,"ADVANCED NURSING CONCEPTS, LLC",ORLANDO,FL,https://advancednursing.com,DomainMarketCom,,https://www.facebook.com/AdvancedNursingConcepts
1063607489,"ALIVIA CARE SOLUTIONS, INC.",JACKSONVILLE,FL,https://aliviasolutions.com,aliviasolutions,,https://www.facebook.com/AliviaCare
1518254648,"(EHH) ENTERPRISE HOME HEALTH SERVICES, LLC",DALLAS,TX,https://cortico.health/clinics/dallas-tx/ehh-enterprise-home-health-services-llc,corticosoftware,,https://www.facebook.com/EnterpriseHealth
1215846993,AESBA MED STAFFING INC,KATY,TX,https://aesbamedstaffing.com,"Aesba Aesba (@aesba.aesba) • Facebook, Connect with friends",,https://www.facebook.com/aesba.aesba
1588275473,AEDEL GLOBAL HEALTH SERVICES LLC,GRAND PRAIRIE,TX,https://aedelglobal.com,aedelglobal,,https://www.facebook.com/aedelglobal
1235995382,NEXT STEP UP CORP,SCOTTSDALE,AZ,https://nextstep.com,Next Step Up,,https://www.facebook.com/NEXTSTEPUP
1073296935,ACCESS NURSE REGISTRY LLC,LAUDERHILL,FL,https://accessnurse.com,AccessNurse,,https://www.facebook.com/NortonNurseRegistryCorp
1609031103,"ADVICARE HOME HEALTH SERVICES, INC",ROWLETT,TX,,Advicare,,https://www.facebook.com/Advicare
1073606083,"ADVENTIA HEALTHCARE ASSOCIATES, INC.",CASTROVILLE,TX,,Adventia Healthcare (@adventia.healthcare.3),,https://www.facebook.com/adventia.healthcare.3
1730457466,ADVOCATE HEALTHCARE LLC,DALLAS,TX,,Advocate Health Care,,https://www.facebook.com/AdvocateHealthCare
1316394505,"AEMS ENTERPRISES, LLC",ELSA,TX,,AMS Enterprises,,https://www.facebook.com/AMSEnterprises.co
1144367418,A GREAT LIFE SERVICES INC,ORLANDO,FL,https://www.agreatlifeservice.com/contact,A-Great-Life-Services-Inc-1072008039570543,,https://www.facebook.com/AGreatLifeServices.therapy
1588606719,"AFFECTIONATE HOME HEALTH, INC.",HARLINGEN,TX,,Affectionate Home Care,,https://www.facebook.com/affectionate.care
1982635538,"AFFECTIONATE HOME CARE AND COMMUNITY SERVICES, INC.",MISSION,TX,,Affectionate Home Care,,https://www.facebook.com/affectionatecare
1417021866,ALTERCARE LLC,CORAL SPRINGS,FL,https://altercare.com,AltercareIntegratedHealthServices,,https://www.facebook.com/AltercareIntegratedHealthServices
1457557688,ABSOLUTE HOME HEALTH INC.,MIAMI,FL,https://absolute.com,Absolute Home Care Plus,,https://www.facebook.com/absolutehcp
1427784727,AFFECTIONATE HEALTHCARE LLC,CYPRESS,TX,,Affectionate Home Care,,https://www.facebook.com/affectionate.care
1255782991,"AFFNITY KIDS, LLC",CONVERSE,TX,,AffinityEvents KidsParty,,https://www.facebook.com/AffinityKidsParty
1790360360,AETNA HOME HEALTH CARE AND MANAGEMENT LLC,DALLAS,TX,,Aetna,,https://www.facebook.com/aetna
1245052315,AFFECTIONATE TOTAL CARE LLC,HOUSTON,TX,,Affectionate Home Care,,https://www.facebook.com/affectionate.care
1285010884,AETNA HOME HEALTH SERVICE,SAN ANTONIO,TX,,Aetna,,https://www.facebook.com/aetna
1164352274,AFFORDABLE HOMECARE LLC,MAGNOLIA,TX,,Affordable Comfort Homecare LLC,,https://www.facebook.com/affordable.comfort.homecare.llc
1093641953,MILLER CARE HOME,MISSOURI CITY,TX,,Miller Care,,https://www.facebook.com/miller.care
1093593360,ABUNDANCE HEALTHCARE LLC,TEMPLE TERRACE,FL,,Abundance Home Care LLC,,https://www.facebook.com/abundancehomecare4u
1669320198,NESTQUEST HEALTH SOLUTIONS LIMITED LIABILITY COMPANY,MIDLOTHIAN,TX,,FacebookNestquest india,,https://www.facebook.com/NestQuestHou
1588971246,"ACCURATE CARE HOME HEALTH SERVICES, INC.",HOLLYWOOD,FL,https://accurate.com,Accurate Home Care,,https://www.facebook.com/AccurateHomeCare11
1881062347,AFFORDABLE VENTURE HOME HEALTHCARE LLC,SAN ANTONIO,TX,,Affordable Venture,,https://www.facebook.com/affordable.venture
1639984826,AGENTS IN TRANSITION,BURLESON,TX,,Transition Home Staging and Redesign LLC.,,https://www.facebook.com/TransitionHomeStagingAndRedesignLlc
1295931160,AGAPE HOUSE,SAN ANTONIO,TX,,Full House Home Care,,https://www.facebook.com/FullHouseHomeCare
1598272171,ABONDANT COMPANION AND HOMEMAKER SERVICES,SEFFNER,FL,,Companions & Homemakers,,https://www.facebook.com/companionsandhomemakers
1760669493,"AKER KASTEN HOME HEALTH CARE, LLC",BOCA RATON,FL,https://akerkasten.com,AkerKastenEyeCenter,,https://www.facebook.com/AkerKastenHomeHealthCareAgency
1780860361,"AMAZING HOME HEALTH CARE, INC.",ORLANDO,FL,,"Amazing Homecare Health Services,LLC",,https://www.facebook.com/AmazingHomecareHlth
1285704007,AGNES DENT,LUBBOCK,TX,,Agnes Dent,,https://www.facebook.com/agnes.dent.7
1851123178,1 HOME CARE SERVICES,ORLANDO,FL,,Home Helpers Home Care,,https://www.facebook.com/HomeHelpersSeniorCare
1720006414,"ADVANCED NURSING CONCEPTS, LLC",THE VILLAGES,FL,https://advancednursing.com,DomainMarketCom,,https://www.facebook.com/AdvancedNursingConcepts
1477833705,AGING IN PLACE,DALLAS,TX,https://aginginplace.com,aginginplacecom-LLC-95959314434,,https://www.facebook.com/AgingINPlaceServices
1326489667,AGING GRACE HOME HEALTH CARE INC,HUMBLE,TX,https://aginggrace.org,Age With Grace In-home Healthcare LLC,,https://www.facebook.com/agewithgracecare
1326547928,AGLOW HOME HEALTH & HOSPICE CARE,PLANO,TX,https://hospice.io/hospice/aglow-home-health-hospice-care-plano-tx,Aglow Home Care,,https://www.facebook.com/aglowhomecare
1316187586,"AHM ACTION HOME HEALTH, LP",PALESTINE,TX,https://feedam.org/resource/544909,feedamericaorg,,https://www.facebook.com/actionhomesolutions
1386831162,ABG PROFESSIONAL HEALTH SERVICES INC.,MIAMI,FL,http://www.hospital-data.com/hospitals/ABG-PROFESSIONAL-HEALTH-SERVICES-INC-MIAM,Professional Home Health,,https://www.facebook.com/professionalhhagency
1376204826,ANGELS IN FLIGHT HOME CARE INC.,GOODYEAR,AZ,,CareFlight,,https://www.facebook.com/MyCareFlight
1184700668,AGNES B. DENT,LUBBOCK,TX,,Agnes Dent,,https://www.facebook.com/agnes.dent.7
1780861617,AGUTEX HOME HEALTH CARE INC.,MISSOURI CITY,TX,,Agutex Chimatex,,https://www.facebook.com/agutex.chimatex
1184863201,"AMEDISYS ARIZONA, L.L.C.",YUMA,AZ,,Amedisys,,https://www.facebook.com/AmedisysInc
1538308887,"AMEDISYS ARIZONA, L.L.C.",YUMA,AZ,,Amedisys,,https://www.facebook.com/AmedisysInc
1821367251,ADVANCED NURSING OF SOUTH FLORIDA LLC.,CORAL GABLES,FL,https://advancednursing.com,DomainMarketCom,,https://www.facebook.com/CCGSouthFlorida
1194952184,A TU CASA,BROWNSVILLE,TX,,Atucasa,,https://www.facebook.com/atucasa.arg
1184418758,A-TURN HEALTH CARE LLC,NEW CANEY,TX,,U-turn Health LLC,,https://www.facebook.com/uturnhealthllc
1215734108,AAA & NATHANS BLISSFUL LIVING CARE HOMES,WWODLANDS,TX,,Blissful living senior care,,https://www.facebook.com/Blissfulseniors
1275224222,BROWNING FAST FRIENDLY CARE SERVICES LLC,JACKSONVILLE,FL,,FacebookVicki Fast Browning,,https://www.facebook.com/FriendlyServicesllc
1427206481,3D PROVIDERS CORPORATION,LAKE CITY,FL,https://www.care.com/b/l/3d-providers-corporation/lake-city-fl,caredotcom,,https://www.facebook.com/Eliteprovidersagency
1336628783,ALTRUISTIC HEALTHCARE SERVICES INC.,LAUDERHILL,FL,https://www.care.com/b/l/altruistic-healthcare-services-inc/lauderhill-fl,caredotcom,,https://www.facebook.com/alwaysaltruistic
1801705819,"SERENIQUE HOMECARE SOLUTIONS, LLC",PORT ST LUCIE,FL,https://bisprofiles.com/fl/serenique-homecare-solutions-l26000069710,Serenique Beauty,,https://www.facebook.com/sereniquebeauty
1891181731,4LIFE HOME HEALTHCARE,HOUSTON,TX,,4Life Houston,,https://www.facebook.com/4lifeHoustonofficial
1689484289,2 LOVING HANDZ LLC,BARTOW,FL,,HeartFilled Handz Home Care,,https://www.facebook.com/HeartFilledHandz
1245034578,50 FRIENDS HOMECARE INC,LAKE WORTH,FL,,Friends Over Fifty Senior Care,,https://www.facebook.com/FriendsOverFifty
1881898229,ADVENT HOME CARE INCORPORATED,RICHARDSON,TX,,AdventistHome.com,,https://www.facebook.com/adventhome
1952501967,"5 STAR HOME CARE, LLC",MIAMI LAKES,FL,,Star Home Healthcare,,https://www.facebook.com/starhomehealthcare
1942797337,"ALTRUISM HOME CARE AGENCY, LLC",GAINESVILLE,FL,https://altruismcare.wixsite.com/altruismhomecare,Altruismcares,,https://www.facebook.com/altruism.homecare
1003935909,"ALL COUNTY HEALTH CARE, INC.",LAUDERDALE LAKES,FL,https://allcountyhealthcare.com/about,Allcountyhealthcare,,https://www.facebook.com/Allcountyhealthcare
1235088105,ABLE HEARTS HOME CARE LLC,OCALA,FL,https://sevah.ai/home-care/fl/1235088105/able-hearts-home-care-llc,Able Hearts Homecare,,https://www.facebook.com/able.hearts.healthcare
1609614080,AMAZING ANGELS HOME CARE LLC,BOYNTON BEACH,FL,https://amazingangels-homecare.com,Amazing Homecare,,https://www.facebook.com/amazinghomecareuk
1952963712,"ADVANCED CARE HOME HEALTH SERVICES, INC",MIAMI,FL,,Advanced Home Health and Hospice,,https://www.facebook.com/AdvancedHomeHealthHospice1
1598903734,A & K HOME SERVICES INC,MIAMI LAKES,FL,,Action Home Services,,https://www.facebook.com/ActionHomeServicesToronto
1700774171,5TH STREET INVESTMENT GROUP LLC,NAPLES,FL,,5th Street Group,,https://www.facebook.com/The5StreetGroup
1801118088,A CARING HAND LLC,JACKSONVILLE,FL,https://acaringhand.net,ACHFOUNDATION,,https://www.facebook.com/acaringhandllc
1104573716,"ABRAHAM'S HOME HEALTH SERVICES, LLC",TAMPA,FL,,Home Abrahams,,https://www.facebook.com/home.abrahams
1922458421,A BETTER WAY HOME HEALTH,NOKOMIS,FL,https://consultatlas.org/ai-trust/home-health-care/a-better-way-home-health-llc-,consultatlas.org,,https://www.facebook.com/betterlivinghomecarellc
1295605947,A CARING HAND GROUP HOME INC.,ORLANDO,FL,https://hospice.io/hospice/a-caring-hand-group-home-inc-orlando-fl,"A Caring Hand, Inc",,https://www.facebook.com/acaringhandinc
1962870659,ADVANTAGE HOME CARE,SPRING HILL,FL,https://advantagehomecare.com,people,,https://www.facebook.com/Advantagehomecare2127
1790420883,"AFFINITY HOME CARE AGENCY, INC.",TALLAHASSEE,FL,https://affinity.com,"Affinity Home Care, LLC",,https://www.facebook.com/AffinityHomeCareLLC919
1578316436,ACCOUNTABLE CARE HOMECARE LLC,POMPANO BEACH,FL,,Accountable LLC,,https://www.facebook.com/accountablellc
1851429591,"ACCURATE HEALTHCARE PROFESSIONALS,LLC",TAMPA,FL,,Accurate Home Care,,https://www.facebook.com/AccurateHomeCare11
1043483605,"ACM HOME HEALTH, CORP.",MIAMI,FL,,"Acm HomeHealth (@acm.homehealth) • Facebook, Connect with friends",,https://www.facebook.com/acm.homehealth
1629598412,ANDRES HOME CARE & NOTARY SERVICES INC,LANTANA,FL,,Andres Carpet Care Services,,https://www.facebook.com/andrescarpetcare
1629520069,"A HEALING EXPERIENCE, LLC",ELLENTON,FL,,Experience Healing,,https://www.facebook.com/ExperienceHealing
1730778374,A LOVING HAND HOME CARE LLC,MIAMI,FL,https://www.alovinghandhomecare.com,Alovinghand Homecare,,https://www.facebook.com/ALovingHandHomeCare
1316727605,A HEALTH HAVEN,CLEARWATER,FL,,The Healthy Haven,,https://www.facebook.com/thehealthyhavens
1710872148,ALVES HOME HEALTH CARE LLC,PORT RICHEY,FL,,Alves Home,,https://www.facebook.com/alveshome...
1922818145,"ADVANCE ABILITIES HEALTH, LLC.",MIAMI,FL,https://advanceabilities.com,"AdvanceAbilities,Inc.",,https://www.facebook.com/AdvanceAbilities
1144464686,"ALLIANCE HEALTH CARE OF MIAMI BEACH, LLC.",MIAMI,FL,https://alliancehealthcaremb.com,alliancehealthcaremb,,https://www.facebook.com/cocobeachhomecare
1407826407,ADVANCED RESPIRATORY II INC,PEMBROKE PINES,FL,,Respiratory Home Care,,https://www.facebook.com/respiratoryhc
1427776251,A HEALING HAND INCORPORATED,MIRAMAR,FL,,Healing Hands In-Home Care LLC,,https://www.facebook.com/healinghands20170
1285937987,ADVOCATE PEDIATRIC HOME CARE LLC,CONROE,TX,,Advocate In-Home Care,,https://www.facebook.com/AdvocateInHomeCare
1205076155,"ABUNDANT LIFE HOME HEALTH AGENCY,LLC",TAMPA,FL,,Abundant Life Home Health Agency,,https://www.facebook.com/AbundantLifeHHA
1174069017,AETNA HOME CARE & MANAGEMENT INC,DALLAS,TX,,Aetna,,https://www.facebook.com/aetna
1235313685,"A PREFERRED NURSING SERVICE, INC.",PORT CHARLOTTE,FL,,Preferred Nursing,,https://www.facebook.com/preferred.nursing
1477830743,AFFORDABLE NURSING SERVICES,OAKLAND PARK,FL,https://nursa.com/facilities/affordable-nursing-services,nursaapp,,https://www.facebook.com/Affordableathomecare
1750865945,A PLUS DEVELOPMENTAL SUPPORT SERVICES LLC,JACKSONVILLE,FL,https://hospice.io/hospice/a-plus-developmental-support-services-llc-jacksonvill,A Plus Developmental,,https://www.facebook.com/aplus.developmental
1790268324,A1 COMMUNITY OUTREACH INC,TAMPA,FL,https://findcontinuingcare.com/home-care/fl/tampa/a1-community-outreach-h00132,Hopeful Community Outreach Inc.,,https://www.facebook.com/hopefulcommunityoutreach
1811693104,A MOTHERS TOUCH HOME HEALTH & COMPANION LLC,JACKSONVILLE,FL,https://hospice.io/hospice/a-mothers-touch-home-health-companion-llc-jacksonvill,A Mothers Touch Home Care Services,,https://www.facebook.com/AMothersTouchHCS
1104402445,"AFFINITY HOME HEALTHCARE, LLC",MIAMI GARDENS,FL,,Affinity HomeCare,,https://www.facebook.com/affinityhomecarellc
1659327757,"ABBI HOME CARE, INC.",BENBROOK,TX,,Abbi Home,,https://www.facebook.com/abbi.home.2025
1427716976,A PEACEFUL LIFE HOME CARE & COMPANION,CLEARWATER,FL,,"A Peaceful Life Homecare & Companion, LLC",,https://www.facebook.com/apeacefullifehcc
1609523604,"ABUNDANT LIFE HOME HEALTH AGENCY,LLC",TAMPA,FL,,Abundant Life Home Health Agency,,https://www.facebook.com/AbundantLifeHHA
1831551613,ADVANCED HOME HEALTHCARE GROUP OF PASCO AND PINELLAS,TEMPLE TERRACE,FL,https://advancedgroup.com,Preferred Care at Home of Central Pasco and North PinellasAdvanced Home Healthca,,https://www.facebook.com/pcahcentralpasconorthpinellas
1225440878,"ADVANCED CARE HOME HEALTH AGENCY, INC.",MIAMI,FL,,Advanced Home Care and Staffing,,https://www.facebook.com/advancedhh
1851601413,"A.R.G. CONSTRUCTION, SAFETY & HEALTH, CORP.",KISSIMMEE,FL,,Construction Safety Week,,https://www.facebook.com/constructionsafetyweek
1477820256,AAA ALLIED HEALTHCARE SERVICES,SUNRISE,FL,,Allied Home Care,,https://www.facebook.com/AlliedHomeCare
1740705565,A& R PHYSICAL THERAPY INC,MIAMI,FL,,"Dade Physical Therapy, Inc",,https://www.facebook.com/dadephysicaltherapy
1841846060,A PREMIER HOME PROVIDER SERVICE LLC,ESTERO,FL,https://aphomeproviderservice.com/contact-us,Premier Home Care,,https://www.facebook.com/thepremierhomecareservices
1215656996,AGATE HEALTHCARE SERVICES LLC,FORT MYERS,FL,,"Agate Home (@agatehomecare) • Facebook, Connect with friends",,https://www.facebook.com/agatehomecare
1891300737,ABASAP HOME HEALTH CARE LLC,RICHARDSON,TX,https://www.abasaphhc.com,Amaar Abasap,,https://www.facebook.com/amaar.abasap
1760778872,ADVOCATE IN-HOME CARE,NAPLES,FL,https://advocateinhomecare.com/location/naples,americaninhomecare,,https://www.facebook.com/AdvocateInHomeCare
1740450733,A SELECT GROUP HOME HEALTH CARE INC,OPA LOCKA,FL,,Select Home Care,,https://www.facebook.com/selecthomecarewlv
1215981857,"A VICTORY HEALTH CARE, INC",MIAMI LAKES,FL,,"Victory Healthcare, LLC",,https://www.facebook.com/VictoryHCLLC
1780252411,"A SERENE HYDRATION & WELLNESS SPA, PLLC",WEST PALM BEACH,FL,,Serenity Wellness Spa,,https://www.facebook.com/SerenityWellnessSpaOfficial
1285412361,A WHITE CONTRACTOR ENTERPRISES CORPORATION,JACKSONVILLE,FL,,"White's Enterprises, Inc.",,https://www.facebook.com/WhitesEnterprisesInc
1538096003,A RAY OF HOPE LIVING LLC,LEESBURG,FL,,"Hope Home Care, Inc.",,https://www.facebook.com/hopehomecarenyc
1336872720,4POINT HEALTHCARE LLC,MIAMI,FL,,4Point,,https://www.facebook.com/4PointMusic
1023996162,CROWN24 GLOBAL LLC,LAKELAND,FL,,Crown Global Media,,https://www.facebook.com/crownglobalmedia26
1386223469,AGAPE HEALTH & WELLNESS CENTER INC.,JACKSONVILLE,FL,https://agapewellnesscenter.com,agapewellnesscenter,,https://www.facebook.com/CenterWellHomeHealth
1124249446,"ALTERNATIVE MEDICAL HEALTHCARE SERVICES, CORP.",MIAMI,FL,https://alternativemedical.com,DomainMarketCom,,https://www.facebook.com/alternativecareoptions
1811783350,A&M CLINICAL SERVICES LLC,ORLANDO,FL,,Corporativo Clinical Home Care Servicio de Enfermería ...LHC Group Inc.,,https://www.facebook.com/corporativoclinicalhome
1538632567,A&J SENIOR PRIVATE CARE LLC,TAMPA,FL,,Private Care Management,,https://www.facebook.com/privatecm
1104513191,ABC ADULT SERVICES INC,MIAMI,FL,,ACC ADULT HOME CARE of Olmsted Falls,,https://www.facebook.com/AccAdultHomeCare
1417767609,6 WISHES LLC,WINTER HAVEN,FL,,Best Wishes Home Health Care Agency,,https://www.facebook.com/bestwisheshhc
1710169776,A BIG IDEA HOME HEALTH SERVICES INC.,DORAL,FL,,Home of the Big Idea,,https://www.facebook.com/homeofthebigidea
1114852282,A3 ELITE CARE SERVICE LLC,PENSACOLA,FL,,Elite Service Company,,https://www.facebook.com/EliteServiceCo
1477148906,ACL. DIVINE QUALITY HOME HEALTH AGENCY INC.,SPRING HILL,FL,,Divine Quality Care LLC,,https://www.facebook.com/DivineQualityCare
1043835051,ACTS OF LIVING,TAMPA,FL,https://findcontinuingcare.com/home-care/fl/tampa/acts-of-living-h00237,Acts of Living,,https://www.facebook.com/Theactsofliving
1609605278,ABCS HOME CARE,BRYAN,TX,https://www.abcshome.com/about,abcshomecare,,https://www.facebook.com/abcshomecare
1861996126,"NURSES AT HEART HOME HEALTHCARE SERVICES, LLC",HOUSTON,TX,https://local.yahoo.com/info-215909006-nurses-at-heart-home-healthcare-services-,yahoo,,https://www.facebook.com/NursesatheartLLC
1598497463,ABA ANYWHERE,ORLANDO,FL,https://www.medicarelist.com/mental-health/aba-anywhere-orlando-fl,Anywhere Care,,https://www.facebook.com/anywherecare0
1265348262,AANU HOME HEALTH INC,GAINESVILLE,FL,,Aanu Home,,https://www.facebook.com/aanu.home
1467694737,"A1 PREMIER HEALTH CARE AGENCY, INC",MIAMI,FL,,Premier Home Care,,https://www.facebook.com/thepremierhomecareservices
1700614930,ADAPTIVE BEHAVIORAL HEALTH LLC,ROCKLEDGE,FL,,Adaptive Homecare,,https://www.facebook.com/AdaptiveHC
1891429601,ABIGAEL HOUSE OF CARE LLC ABIGAEL HOME HEALTH AGENCY,MIRAMAR,FL,https://local.yahoo.com/info-232046025-abigael-house-of-care-llc-abigael-home-he,yahoo,,https://www.facebook.com/abigael.care
1114515319,ADVANCED RECOVERY REHAB CORP.,MIAMI,FL,https://advancedrecovery.org,Advance Rehabilitation,,https://www.facebook.com/advancerehab.physicaltherapy
1316729890,ABSOLUTE HEALTH CARE NOW INC,MIAMI,FL,,Absolute Home Care Plus,,https://www.facebook.com/absolutehcp
1316408842,"AFFINITY HOME HEALTHCARE, LLC",POMPANO BEACH,FL,,Affinity HomeCare,,https://www.facebook.com/affinityhomecarellc
1336817667,ATTENTIVE IN HOME CARE,MONTICELLO,FL,,Attentive Home Care,,https://www.facebook.com/attentiveinhomecare
1821482415,ACUTE HOME HEALTH AIDES,ORLANDO,FL,,Acute Home Healthcare,,https://www.facebook.com/AcuteHomeHealthcare
1679058978,ADVANCED CARE UNLIMITED LLC,PORT ST LUCIE,FL,,Unlimited Home Care,,https://www.facebook.com/unlimitedhomecare.fb
1235417296,"ABILITIES THERAPY PROFESSIONALS, LLC",MIAMI,FL,,"Abilities Therapy and Consulting, LLC",,https://www.facebook.com/abilitiestherapyandconsulting
1396331450,"ABLE HOME HEALTH, INC",BOCA RATON,FL,,"Able Home Care (@able.homecare) • Facebook, Connect with friends",,https://www.facebook.com/AbleHomeCare
1821696808,ABOVE AND BEYOND SOLUTIONS LLC,JACKSONVILLE,FL,https://abovebeyond.org,AboveBeyondTeaching,,https://www.facebook.com/aboveandbeyondsolutions2020
1275159436,"ABSOLUTE HEALTHCARE SERVICES, LLC",TAMPA,FL,,Profile for Absolute Health Care,,https://www.facebook.com/absolutehealthcare1
1720694888,ABLE PRIME HOME HEALTH CARE INC,SPRING HILL,FL,,Prime Home-Health,,https://www.facebook.com/prime.homehealth
1396366415,ABLE CARING AND HOSPICE SERVICES INC,HOUSTON,TX,https://houstonhomecare.org/agencies/able-caring-and-hospice-services-inc,Able Hospice,,https://www.facebook.com/able.hospice
1841661477,ABSOLUTE HEALTH PROFESSIONALS INC.,SOUTH DAYTONA,FL,,Absolute Health Professionals,,https://www.facebook.com/AbsoluteHealthProfessionals
1265299697,ABUNDANT COMFORT HOME HEALTH AGENCY LLC,JACKSONVILLE,FL,,Abundant Comfort,,https://www.facebook.com/abundant.comfort
1386532034,ABUNDANCE PEDIATRIC THERAPIES LLC,ST PETERSBURG,FL,https://www.abundancepediatrics.com/about,Abundance Home Care LLC,,https://www.facebook.com/abundancehomecare4u
1679322606,ABUNDANCE CARE HOME HEALTH AGENCY LLC,TALLAHASSEE,FL,https://abundance.org,AbundanceFoundation,,https://www.facebook.com/abundancehomecare4u
1699026989,ACCLAIM HOMECARE SVC LLC,ARLINGTON,TX,https://acclaimhomecaresvc.com,Acclaimhomecare,,https://www.facebook.com/Acclaimhomecare
1578054011,ABUNDANT LIFE CARE CENTER L.L.C.,DELAND,FL,https://npi-lookup.org/1578054011-abundant-life-care-center-l-l-c-fl,"Abundant Living Home Health Services LLCABUNDANT LIVING HOME CARE SERVICES, LLC.",,https://www.facebook.com/abundantlhh
1972048122,ABUNDANCE OF CARE,PINELLAS PARK,FL,,Abundance Home Care LLC,,https://www.facebook.com/abundancehomecare4u
1720145378,ACUMEN FISCAL AGENT LLC,MESA,AZ,https://acumenfiscalagent.com,AcumenFiscal,,https://www.facebook.com/AcumenFiscal
1194539056,ACCOMMODATE SUPPORT INC,ORLANDO,FL,https://about.me/accommodate,"Accommodate Medical Staffing and Home Care, LLCAccommodate Medical Staffing and ",,https://www.facebook.com/accommodatestaffing
1235938895,"ALTERNATIVE MEDICAL HEALTHCARE SERVICES, CORP",BOCA RATON,FL,https://alternativemedical.com,DomainMarketCom,,https://www.facebook.com/alternativehealthcarela
1922925460,CAREBRIDGE HOME CARE LLC,HOUSTON,TX,https://www.carebridgehealth.com,Carebridge Home,,https://www.facebook.com/Carebridgehome1
1285810473,ACCESS NURSECARE INC,NORTH MIAMI BEACH,FL,https://accessnursecare.com,"Access Nursecare, Inc.",,https://www.facebook.com/AccessNurseCare
1265191076,ACCESS NURSE REGISTRY,LAUDERHILL,FL,https://accessnurse.com,AccessNurse,,https://www.facebook.com/AccessNurseCareers
1861638033,ACCU-CARE NURSING SERVICE INC,NAPLES,FL,,ACCU HOME,,https://www.facebook.com/accuhome
1851338859,"ACCESSIBLE HELATH CARE SERVICES, INC.",CORAL SPRINGS,FL,,Accessible Healthcare,,https://www.facebook.com/accessible.healthwear.9
1134630767,ALPHA HOME HEALTH LLC,GREENACRES,FL,,"Alpha Home Health Agency, LLC",,https://www.facebook.com/AlphaHomeHealthAgency
1942809066,WELCOME GROUP HOME LLC,WEST PALM BEACH,FL,https://www.welcomegrouphome.com/about-1,wix,,https://www.facebook.com/welcomehomewitherin
1497132203,"AHM ACTION HOME HEALTH, LP",SPRINGDALE,AR,https://www.portivacare.com/home-care/arkansas/springdale/ahm-action-home-health,portivacare,,https://www.facebook.com/actionhomesolutions
1841699329,ACCURATE HOME HEALTHCARE LLC,CLERMONT,FL,,Accurate Home Care,,https://www.facebook.com/AccurateHomeCare11
1598951287,"ACHIEVE HOME CARE, LLC",TEMPLE TERRACE,FL,,Achieve HomeCare,,https://www.facebook.com/AchieveHomeCareNJ
1518762327,ADVANTAGE HOME HEALTH LLC,DESOTO,TX,,Advantage Home Health Care,,https://www.facebook.com/AdvantageHomeHealthCare
1649782624,ACUTE GOLD HOME CARE LLC,ORLANDO,FL,https://acutegold.com,Acute Home Healthcare,,https://www.facebook.com/AcuteHomeHealthcare
1538076757,TENDER LOVINGCARE HOME SERVICES,MIRAMAR,FL,https://tenderlovingcarehomeservice.com,Tender Loving Care Homecare (@tenderlovingcarehomecare ...Tender Loving Homecare,,https://www.facebook.com/tenderlovingcarehomecare
1770707150,"ACUTE HOME HEALTHCARE, INC.",ORLANDO,FL,,Acute Home Healthcare,,https://www.facebook.com/AcuteHomeHealthcare
1942575949,ACTIVE REHAB SOLUTIONS INC,HUDSON,FL,,Active Rehab Consulting,,https://www.facebook.com/activerehabconsulting
1043973910,ACUTE CARE,GAINESVILLE,FL,,Acute Home Healthcare,,https://www.facebook.com/AcuteHomeHealthcare
1891715710,ACTION HOME CARE INC.,LAKELAND,FL,,Action Home Solutions,,https://www.facebook.com/actionhomesolutions
1861119737,ACME HOME CARE SERVICES LLC,ORLANDO,FL,,"ACME Home Care, LLC",,https://www.facebook.com/acmehomecare
1174935134,ACTIVE HOME CARE INC.,NORTH PORT,FL,,Active Senior Home Care Inc.,,https://www.facebook.com/activeseniorhomecare
1174467484,ADONAI HEALING HEALTH AGENCY LLC,WEST PALM BEACH,FL,https://adonaihealing.net,ADONAI HEALING CENTRE,,https://www.facebook.com/adonaihealingcentre
1932854973,ADD THE PIECES LLC,DEERFIELD BCH,FL,https://sevah.ai/home-care/fl/1932854973/add-the-pieces-llc,Pieces Home,,https://www.facebook.com/piecesbyanaestheticpursuit
1467067694,ADM HOME CARELLC,CAPE CORAL,FL,,Established Carellc,,https://www.facebook.com/established.carellcc.9
1154097533,"ADASSA HOME CARE SERVICES, INC.",MIRAMAR,FL,,Adassa Concessions,,https://www.facebook.com/adassa.concessions
1326218041,ACWF,LAKELAND,FL,,ACWF (Acreage Championship Wrestling Federation),,https://www.facebook.com/WeAreACWF
1053287219,ADDYLA LLC,ZEPHYRHILLS,FL,,Addyla Ain,,https://www.facebook.com/addyla.ain
1720939929,ADEPT NURSING SERVICES LLC,TALLAHASSEE,FL,,Adept Senior Living Solutions,,https://www.facebook.com/adeptsls
1912382672,ADLIFE SENIOR CARE,TAMPA,FL,,Adlife Healthcare,,https://www.facebook.com/adlife.healthcare
1578302212,"EMPOWERING HOME CARE GROUP HOMES, LLC",JACKSONVILLE,FL,,Empowering Homes,,https://www.facebook.com/empoweringhomes
1316607187,"ADVANCE SAM CARE, INC.",WEST PALM BEACH,FL,https://advancesamcare.com/contact-us,Advance Home Care (@advance.h.care.7),,https://www.facebook.com/advance.h.care.7
1437032067,ADORABLE HEALTH,ORLANDO,FL,https://adorablehomehealthcare.com/about-us,Adorable Health Care and Solution.,,https://www.facebook.com/Dr.adorable62
1851002141,ADORABLE CARE AGENCY,ORLANDO,FL,https://consultatlas.org/ai-trust/home-health-care/adorable-care-agency-llc-orla,consultatlas.org,,https://www.facebook.com/AdorableCare
1063657922,"24/7 STAT CARE HOME HEALTH SERVICES, INC.",STAFFORD,TX,,STAT Home Care,,https://www.facebook.com/STATHomeCare
1881284974,ADORE CARE LLC,JACKSONVILLE,FL,,Adore Feminine Care LLC,,https://www.facebook.com/adorefemcarellc
1366986895,"ADVANCE CARE SOLUTIONS, LLC",TARPON SPRINGS,FL,,Advance Home Care (@advance.h.care.7),,https://www.facebook.com/advance.h.care.7
1598322661,ADUVA HEALTH LLC,WESLEY CHAPEL,FL,,Aduva,,https://www.facebook.com/aduva.2024
1093190399,ADVANCE CARE CORP,TAMPA,FL,,Advance Care,,https://www.facebook.com/AdvanceCare
1285881722,"ADVANCE CARE HOME HEALTH AGENCY, INC.",CAPE CORAL,FL,,Advance Home Care (@advance.h.care.7),,https://www.facebook.com/advance.h.care.7
1447634571,ADRIAN AND BECKY HOME HEALTH INC,PONTE VEDRA,FL,,Adrian Becky,,https://www.facebook.com/adrian.becky.39395
1821229832,ADVANTAGE HOME CARE INC,CLEARWATER,FL,,Advantage Home Care,,https://www.facebook.com/Advantagehomecare2127
1700852761,"ADVANTAGE HOME ASSISTED CARE, INC.",LARGO,FL,https://www.advantagehomecare.net/contact.htm,Advantage Home Care,,https://www.facebook.com/Advantagehomecare2127
1932383189,"ALEMAR HOME CARE, INC.",MIAMI,FL,,Alemar Construction,,https://www.facebook.com/AlemarConstruction
1750002523,CHJJJ HOME HEALTH CARE AGENCY,MIAMI,FL,,"Chjjj (@chjjj.742257) • Facebook, Connect with friends",,https://www.facebook.com/chjjj.742257
1295905412,"ADVANCED HOMECARE, INC.",JACKSONVILLE,FL,,AP Advanced Construction,,https://www.facebook.com/APAdvanced
1255220505,"ADVANCED NURSING CONCEPTS, LLC",LAKELAND,FL,https://advancednursing.com,DomainMarketCom,,https://www.facebook.com/rejuvenatingconcepts.homecare.3
1134308018,ADVANCED NURSING HOMECARE SERVICES INC,MIAMI LAKES,FL,https://advancednursing.com,DomainMarketCom,,https://www.facebook.com/Advancednursing
1649635780,ADVANCED HOME HEALTHCARE GROUP OF OSCELA LLC,KISSIMMEE,FL,https://advancedgroup.com,Oscela Powell,,https://www.facebook.com/oscela.powell
1669737763,ADVANTAGE HOME CARE SERVICES,FORT LAUDERDALE,FL,https://caregiver-aid.com/care-service/united-states/florida/fort-lauderdale/hom,Advantage In-Home Care Services,,https://www.facebook.com/advantageinhomecaresvcs
1669231239,AGING GRACE HOME HEALTHCARE LLC,CYPRESS,TX,https://aginggrace.org,Age With Grace In-home Healthcare LLC,,https://www.facebook.com/agewithgracecare
1336475607,"ADVANCED HOME HEALTH OF TAMPA, INC.",TAMPA,FL,https://homehealthcarefl.com,advhomehealth,,https://www.facebook.com/advancedhhs
1225085806,MILLENNIUM HEALTH SERVICES INC.,SUGAR LAND,TX,,Millennium Health Services,,https://www.facebook.com/MillenniumHealthServices
1811682958,ADVANCED MOBILE LAB SERVICES LLC,WINTER GARDEN,FL,,Advanced Mobile Specialists LLC,,https://www.facebook.com/AdvancedMobileSpecialists
1528152220,"ADVANCED THERAPEUTICS HOME HEALTH, LLC.",MIAMI SHORES,FL,,Homecare Therapeutics,,https://www.facebook.com/homecaretherapeutics
1982804449,ADVANCED PACEMAKER SPECIALIST INC,HOMESTEAD,FL,,Advanced Healthcare Specialist,,https://www.facebook.com/advancedhealthcarespecialist
1831147693,"ADVANTAGE HOME HEALTH SERVICES, INC",LAKELAND,FL,https://www.assistedseniorliving.net/facilities/florida/lakeland/60859/advantage,Advantage HomeHealth,,https://www.facebook.com/advantage.homehealth
1679352538,FAVORED SUPPORT SERVICES LLC,JACKSONVILLE,FL,,Favored Support Services LLC,,https://www.facebook.com/FavoredSupportServicesLLC
1831753532,CHRISTIAN HANDS AT WORK LLC,PHOENIX,AZ,https://christianhands.com,DomainMarketCom,,https://www.facebook.com/christian.hands.1
1275367302,HEARTS IN HANDS CPR & SERVICES LLC,PHOENIX,AZ,https://www.heartsinhands.info,heartsandhandscpr,,https://www.facebook.com/heartsandhandscpr
1861731598,ADVANTAGE OF LIFE HOME HEALTH CARE LLC,TAMPA,FL,,Advantage Home Health Care,,https://www.facebook.com/AdvantageHomeHealthCare
1477715662,"ACADIA HOME HEALTH AGENCY, INC.",MIAMI,FL,,"Acadia Home Health Care, LLC",,https://www.facebook.com/AcadiaCares
1053555896,ACCESS HEALTH SYSTEMS INC.,MIAMI,FL,,"Access Systems, Inc.",,https://www.facebook.com/accesssystemsinc
1265017693,"AFFINITY HOME HEALTHCARE, LLC",LAKE WORTH,FL,https://www.affinityhomecare.com/lake-worth,ahcflorida,,https://www.facebook.com/affinityhomecarellc
1508674029,ABLE HEARTS HEALTHCARE,SCOTTSDALE,AZ,https://hospice.io/hospice/able-hearts-healthcare-scottsdale-az,able.hearts.healthcare,,https://www.facebook.com/able.hearts.healthcare
1851255210,AFFECTIONATE CARE LLC,OCALA,FL,https://affectionatecarellc.com,Affectionate Home Care,,https://www.facebook.com/affectionate.care
1447659503,AFFINITY HEALTHCARE INC,NAPLES,FL,https://npi-lookup.org/1447659503-affinity-healthcare-inc-fl,Affinity Healthcare Resources,,https://www.facebook.com/AffinityHealthCareResources
1265785554,AEGIS HOME CARE LLC,OLDSMAR,FL,,Aegis HomeHealthcare,,https://www.facebook.com/AegisHomeHealthCaremain
1073830469,"AFFORDABLE HOME HEALTH CARE, INC",FORT LAUDERDALE,FL,,"Affordable at Home Care, Inc",,https://www.facebook.com/Affordableathomecare
1598096604,"AFFIANCE HEALTH CARE SERVICES,LLC",JACKSONVILLE,FL,,Affiance Insurance Agency LLC,,https://www.facebook.com/AffianceInsurance
1558743591,AFFORDABLE CARE AT HOME,VERO BEACH,FL,,"Affordable at Home Care, Inc",,https://www.facebook.com/Affordableathomecare
1164337226,AFFINITY HEALTH PARTNERS INC,GAINESVILLE,FL,,Affinity Care Solutions,,https://www.facebook.com/affinitycaresolutions
1861834954,"AFFORDABLE FAMILY CARE, INC.",LEHIGH ACRES,FL,,"Affordable at Home Care, Inc",,https://www.facebook.com/Affordableathomecare
1124767363,AEGIS PLACE LLC.,PLANTATION,FL,,Aegis Sources LLC,,https://www.facebook.com/aegis.sources
1467122556,"AGAPE CARE SERVICES OF FL, LLC",JACKSONVILLE,FL,https://sevah.ai/home-care/fl/1467122556/agape-care-services-of-fl-llc,AGAPE CARE SERVICES,,https://www.facebook.com/agapehomecareservices
1497500342,ABRIDGE HEALTH CARE LLC,GILBERT,AZ,https://hospice.io/hospice/abridge-health-care-llc-gilbert-az,AbridgeHQ,,https://www.facebook.com/AbridgeHQ
1306861208,"ALL FLORIDA HOME HEALTH SERVICES, INC",MIAMI,FL,,ALC Home Health,,https://www.facebook.com/alchomehealth
1225214588,AGAPE PATIENCE HEALTHCARE AGENCY,OCALA,FL,,Truly Patience Homecare,,https://www.facebook.com/TrulyPatienceHomecare
1154481356,AGAPE HOMECARE PLUS INC.,JACKSONVILLE,FL,,1 Agape Home Care,,https://www.facebook.com/1AgapeHomeCare
1891027751,AGAPE COMMUNITY SERVICES INC.,TAMPA,FL,,Agape Community Services,,https://www.facebook.com/agapecommunityservices.ia
1386406098,AGAPAO CARE LLC,ORLANDO,FL,,Agapao home care agency llc,,https://www.facebook.com/Agapaohomecare
1801913074,"ACCESS HOME HEALTH CARE, INC.",MIAMI,FL,,Access Home Health and Hospice,,https://www.facebook.com/AccessHomeHealthandHospice
1629896584,ADVANCE JACKSON HOME HEALTH SERVICES,MIAMI LAKES,FL,https://consultatlas.org/ai-trust/home-health-care/advance-jackson-home-health-s,consultatlas.org,,https://www.facebook.com/AdvanceAutoPartsStore5245
1578213690,AIDA HOME HEALTH CORP,TAMPA,FL,,Aida HomeAssistance (@aida.homeassistance),,https://www.facebook.com/aida.homeassistance
1376014605,AGEWELL HOME HEALTH CARE LLC,PORTSMOUTH,VA,,AgeWell Home And Healthcare Services,,https://www.facebook.com/agewell.home.and.healthcare.services
1821967266,JR HEALING HANDS SERVICES LLC,PORT ST LUCIE,FL,,HEALING HANDS HEALTH SERVICES LLC,,https://www.facebook.com/Healinghandshealthservices
1831902790,ABUNDANCE OF LOVE HEALTH CARE LLC,PHOENIX,AZ,https://caregiverpilot.com/directory/abundance-of-love-health-care-phoenix-az,Abundance of Love Home Care Solutions,,https://www.facebook.com/AbundanceofLoveHomeCareSolutions
1982470159,"AGING GRACEFULLY RESIDENCE CARE, LLC",ORLANDO,FL,,Aging Gracefully Home Care,,https://www.facebook.com/Aginggracefullyhc
1326427725,AGNITUS LLC,WESLEY CHAPEL,FL,,Agnitus,,https://www.facebook.com/agnitus
1447082532,AGILE HOME CARE LLC,CORAL GABLES,FL,,Agile Home,,https://www.facebook.com/agilehome
1700310190,AIDING WITH CARE HEALTH SERVICES INC,MARGATE,FL,https://www.chamberapproved.com/united-states/margate/home-health-care-services/,aidingwithcarehealthservices,,https://www.facebook.com/aidingwithcarehealthservices
1396423463,BEACON HOME CARE LLC,LITCHFIELD PARK,AZ,https://local.yahoo.com/info-234542230-beacon-home-care-llc-litchfield-park/;_yl,yahoo,,https://www.facebook.com/beaconhomecare.fb
1790522167,CARING PRESENCE IN HOME CARE LLC,PHOENIX,AZ,https://caringpresence.com,Caring-Presence-1871549206248678,,https://www.facebook.com/CaringPresenceInHomeCare
1861355067,FIRST SOURCE HEALTH LLC,SCOTTSDALE,AZ,https://firstsource.com,firstsource,,https://www.facebook.com/firstsource
1528732054,"HEALTHCARE GENIUSES MEDICAL, PLLC.",PEORIA,AZ,https://www.tebra.com/care/practice/healthcare-geniuses-medical-pllc-695360,medicalcarepllc,,https://www.facebook.com/medicalcarepllc
1528611134,"BIG DREAMS SERVICES, INC",NORTH MIAMI BEACH,FL,https://consultatlas.org/ai-trust/home-health-care/big-dreams-services-inc-north,consultatlas.org,,https://www.facebook.com/infobigdreamsinc
1346370608,"AFANWI HOME HEALTHCARE SERVICES, LLC.",KATY,TX,,Afanwi Afanwi,,https://www.facebook.com/afanwi.afanwi
1124582507,"AII IN ONE CARING SERVICES, INC",ORLANDO,FL,,"Caring Home Care, Inc.",,https://www.facebook.com/CaringHomeCareInc
1366379802,LIFE LOVE & HOPE HOME CARE SERVICES LLC,ORLANDO,FL,,Hope Home Care Services,,https://www.facebook.com/hopehomecarevt
1538042999,AIDALY CARE LLC,FORT LAUDERDALE,FL,,Aidaly,,https://www.facebook.com/aidalysupport
1205095627,"ALEN HOME HEALTH CARE, INC.",HALLANDALE BEACH,FL,,Alen Home,,https://www.facebook.com/alen.home.9
1306495692,IMPERIAL GARDENS RESIDENTIAL CARE LLC,MIAMI,FL,,Imperial Gardens Hoa (@imperialgardens.hoa),,https://www.facebook.com/imperialgardens.hoa
1548620412,AJAA LOVE CARE INC,TAMPA,FL,,Ajaa Love,,https://www.facebook.com/ajaa.love.98
1073569430,"AIRWAY MANAGEMENT, INC.",KISSIMMEE,FL,https://airwaymanagement.com,Society for Airway Management,,https://www.facebook.com/SocietyforAirwayManagement
1568766962,AFFINITY HOSPICE LLC,LUFKIN,TX,https://affinityhospice.com,affinityhospicecare,,https://www.facebook.com/affinityhospicecare
1952614067,AGELESS LIVING HOME HEALTH LLC,FORT WORTH,TX,https://agelessliving.com,AgelessLivingInc,,https://www.facebook.com/agelesscaresol
1043917388,NAPAUL HOMECARE SERVICES LLC,PORT ST LUCIE,FL,,U Services By Priya Napaul,,https://www.facebook.com/u.services.by.priya.napaul
1386226843,PHYLISS' COMFORT HOME HEALTH CARE AND DOULA SERVICES LLC,RIVERVIEW,FL,,"Phyliss Comfort (@phyliss.comfort) • Facebook, Connect with ...",,https://www.facebook.com/phyliss.comfort
1578279311,PROVIDERS HEALTHCARE STAFFING LLC,LAND O LAKES,FL,,Elite Providers Home Care Agency,,https://www.facebook.com/Eliteprovidersagency
1841452570,"AL LIFESTYLES, LLC",BRADENTON,FL,,Lifestyles Unlimited,,https://www.facebook.com/lifestylesunlimited
1750817110,AJAA LOVE CARE SERVICES,TAMPA,FL,,Ajaa Love,,https://www.facebook.com/ajaa.love.98
1376724146,"ALBORADA HOME HEALTH OF TAMPA, INC",ST PETERSBURG,FL,,Alborada Home,,https://www.facebook.com/alborada.home.5
1649041138,"ALIGNED HORIZONS REHAB, LLC",ORMOND BEACH,FL,,"Aligned Horizons, LLC",,https://www.facebook.com/alignedhorizonsSD
1770718264,"ALL ABOUT HEALTHCARE, LLC.",HALLANDALE BEACH,FL,,"All About Care, LLC",,https://www.facebook.com/allaboutcarellc.stl
1689510794,ALL ABOUT HELPING YOU LLC,ORLANDO,FL,https://allabouthelpingyou.com,people,,https://www.facebook.com/AboutYouInHomeCare
1053460345,ACCESS HOME HEALTH SERVICE CORP,MIAMI,FL,,Access Home Health and Hospice,,https://www.facebook.com/AccessHomeHealthandHospice
1558146886,ACE HOME HEALTH LLC,SCOTTSDALE,AZ,https://phoenix-home-care.com/agencies/ace-home-health-llc,acehomehc,,https://www.facebook.com/acehomehc
1124106521,ANGELS ON DUTY,PRESCOTT VALLEY,AZ,https://www.angelsondutyhomecare.com,angels.onduty.1,,https://www.facebook.com/angels.onduty.1
1023288818,ALFA MEDIC HOME HEALTH INC.,NORTH MIAMI BEACH,FL,,"Alfa Home Healthcare, LLC.",,https://www.facebook.com/AlfaHHC
1548510688,"ALL ABOUT CARING HHA,INC.",ORLANDO,FL,,About You In Home Care,,https://www.facebook.com/AboutYouInHomeCare
1124906359,"ALIGNMENT HEALTHCARE SERVICES, LLC",MAITLAND,FL,,Alignment Health,,https://www.facebook.com/AlignmentHealth
1588891386,"ALL AMERICAN HOME HEALTH, CORP.",PEMBROKE PINES,FL,,All American Home Care LLC,,https://www.facebook.com/allamericanhomecare
1548569908,"ALL ABOUT YOU SUPPORTS & SERVICES, LLC",LECANTO,FL,,All About You Support Services (@all.about.you.support ...,,https://www.facebook.com/all.about.you.support.services.2023
1336833078,"ACURE HOME CARE, LLC",MIAMI,FL,,Acure Wellness-LLC,,https://www.facebook.com/acurewellness-llc
1841958717,BRANCHING OUT FAMILY SERVICES,CHANDLER,AZ,https://branchingoutfamilyservices.com,BranchingOutFamilyServices,,https://www.facebook.com/BranchingOutFamilyServices
1457595134,ALL BROTHERS INC,HIALEAH,FL,https://allbrothers.org,HoustonScrapMetal,,https://www.facebook.com/allbrothers
1174802672,"ALL ABOUT YOU HOME CARE,INC",PLANT CITY,FL,,About You In Home Care,,https://www.facebook.com/AboutYouInHomeCare
1497428205,ALL ABOVE HOMEMAKER COMPANION SERVICES LLC,CORAL SPRINGS,FL,,Homemaker Health Care,,https://www.facebook.com/HomemakerHealth
1144240466,"ALL CARE MEDICAL SERVICES, INC.",MIAMI LAKES,FL,https://allmedical.com,AllMedicalPersonnel1,,https://www.facebook.com/allcaremedicalcenters
1922444140,"AVENTAS HOME HEALTH, LLC",TUCSON,AZ,https://aventashomehealth.com/contact,AventasHomeCare,,https://www.facebook.com/AventasHomeCare
1962155739,BETHEL HILLS INTEGRATED HEALTHCARE,PHOENIX,AZ,https://bethelhills.org,BethelHillsCommunity,,https://www.facebook.com/bethel.hills
1801937867,CAMPERDOWN LLC,PHOENIX,AZ,https://hospice.io/hospice/camperdown-llc-phoenix-az,Camperdown,,https://www.facebook.com/camperdown3260
1053200444,"ALL EMBRACING HOME CARE SOUTHEAST, LLC.",ORANGE PARK,FL,,"Southeast Homecare Services, org",,https://www.facebook.com/www.southeasthomecare.org
1174467997,W3 CAN H3LP,MIRAMAR,FL,,Project H3LP,,https://www.facebook.com/Projecth3lp
1154924496,ADA SENIOR CARE,MIAMI,FL,https://ourseniors.net/services/home-care/united-states/florida/miami/ada-senior,ourseniors.net,,https://www.facebook.com/adacarecenter
1497158687,ALL SUPPORT SERVICES INC,TAMPA,FL,,All Support Servicing,,https://www.facebook.com/allsupportservicing
1366506255,"ALL METRO HOME CARE SERVICES OF FLORIDA, INC.",LAUDERDALE LAKES,FL,,Metro Home Health Care,,https://www.facebook.com/metrohomehealth
1336531169,"ALL HOUSE CALLS HOME CARE, INC",BOYNTON BEACH,FL,,FacebookHousecall Chiropractic,,https://www.facebook.com/HouseCallsHomeCare5
1003692252,ALL YOU NEED HOME HEALTH LLC,CAPE CORAL,FL,,A Friend In Need Home Health Agency,,https://www.facebook.com/AFriendInNeed01
1417767518,ACTIVE HEALTH CLINIC LLC,VERO BEACH,FL,https://hormonemap.com/clinics/active-health-clinic-llc,Active Senior Home Care Inc.,,https://www.facebook.com/activeseniorhomecare
1306275417,ALLEGIANCE HOME HEALTH INC,PLANTATION,FL,https://www.ahhrehab.com,Allegiance Health-Care,,https://www.facebook.com/allegiancehealthcare.co
1447554811,ALLEAN'S LOVING CARE,BRADENTON,FL,,"Novi (@alleans.all) • Facebook, Connect with friends",,https://www.facebook.com/alleans.all
1225272032,"ALL YOU NEED HEALTHCARE SERVICES, INC.",POMPANO BEACH,FL,,All You Need Services LLC,,https://www.facebook.com/AllYouNeedServicesLLC
1437860301,ADE CARE HOMES INC.,PLANO,TX,,Adaptacare Homes (@adaptacare.homes),,https://www.facebook.com/adaptacare.homes
1104602317,"ACORN HOME HEALTH CARE, LLC",CAPE CORAL,FL,,Acorn Health,,https://www.facebook.com/acornhealthABA.
1003597972,"ADORATION HOME HEALTH CARE FLORIDA, LLC",PENSACOLA,FL,https://adorationhealth.com/location/adoration-home-health-pensacola-florida,AdorationHealth,,https://www.facebook.com/AdorationHH
1588756076,ALL WAYS HOMECARE INC,MIAMI,FL,http://allwayshomecare.net,All Ways Caring HomeCare,,https://www.facebook.com/allwayscaringhomecare
1003417932,ALLCARE HOME HEALTH LLC,MIRAMAR,FL,https://www.allcarehomehealth.care,AllCare Home Health LLC,,https://www.facebook.com/AllCare2023
1356094809,"ALLIANCE EMPOWERMENT SOLUTIONS, INC.",JACKSONVILLE,FL,,Empowerment Solutions,,https://www.facebook.com/empowermentsolutions
1841007150,ALL TOGETHER CAREGIVERS LLC,FORT PIERCE,FL,,Together We Can Home Care,,https://www.facebook.com/Togetherwecanhomecare
1801527205,"ALLADA HOME HEALTH SERVICES, LLC",BOYNTON BEACH,FL,,"Allada Home Health Services, LLC",,https://www.facebook.com/Alladahomehealth
1881431278,ALLINONE TRAVEL TRANSPORT LLC,ST PETERSBURG,FL,,"AllinOne Travels (@allinone.travels) • Facebook, Connect with ...",,https://www.facebook.com/allinone.travels
1104503929,ALLSTAR COMPASSIONATE HOMECARE,CORAL SPRINGS,FL,,Allstar Compassionate Homecare,,https://www.facebook.com/allstarcompassionatehomecare
1811282080,"ALLIED HOME HEALTH CARE, INC.",HIALEAH,FL,,Allied Home Care,,https://www.facebook.com/AlliedHomeCare
1629806815,CARING HEARTS HOMECARE,TEMPE,AZ,https://caringhearts.net,CaringHeartsHomeCareDesMoines,,https://www.facebook.com/CaringHeartsHomeCareDesMoines
1265947980,CPLC HOME HEALTHCARE LLC,PHOENIX,AZ,https://phoenix-home-care.com/agencies/cplc-home-healthcare-llc,Chicanos Por La Causa - CPLC,,https://www.facebook.com/WeAreCPLC
1982338125,ADVANCE HOME HEALTH CORP,ORLANDO,FL,,Advanced Home Health and Hospice,,https://www.facebook.com/AdvancedHomeHealthHospice1
1003567546,"ALLSTAR HOME HEALTH OF FL, INC.",SUNNY ISLES BEACH,FL,https://local.yahoo.com/health-and-medicine/health-care-providers/fl/sunny-isles,yahoo,,https://www.facebook.com/allstarhhcinc
1215043740,"ALLPRO HOME HEALTH, LLC",OSPREY,FL,,AllPro Home Service,,https://www.facebook.com/allprohomes.us
1588038665,"ALNS GROUP, L.L.C",TAMPA,FL,,ALNS,,https://www.facebook.com/ALNS00
1073351839,DOXA HEALTH SERVICES LLC,SUN CITY,AZ,https://phoenix-home-care.com/agencies/doxa-health-services,doxahealthcare,,https://www.facebook.com/doxahealthcare
1245414606,"ALMOST FAMILY PC OF SW FLORIDA, LLC",NAPLES,FL,https://www.storiicare.com/centers/almost-family-pc-of-sw-florida-llc,StoriiCare,,https://www.facebook.com/ALMOSTFAMILLYPERSONALCARELLC
1356087415,NEXTGEN HOME CARE LLC,CASSELBERRY,FL,,NextGen Home Care Ltd.,,https://www.facebook.com/nextgencares
1538545934,ALLY CARE SERVICES INC.,CUTLER BAY,FL,,Ally Cutler,,https://www.facebook.com/ally.cutler.1
1215704846,ALPHASTAR HOME HEALTH CORP,TAMPA,FL,,Alphastar Wealth Management Emerald Coast,,https://www.facebook.com/alphastarwealthec
1518273895,AFFECTIONATE CARE SERVICE LLC,JACKSONVILLE,FL,,Affectionate Home Care,,https://www.facebook.com/affectionate.care
1861382244,AFTER HOURS MD LLC,WESLEY CHAPEL,FL,https://afterhoursmd.com,"After Hours Clinic, Inc.",,https://www.facebook.com/AfterHourClinic
1578383246,AIDALY CARE INDIANA LLC,INDIANAPOLIS,IN,,Aidaly,,https://www.facebook.com/JoinAidaly
1801156971,"ALTERNATIVE CARE STAFFING, INC.",PALMETTO,FL,https://alternativestaffing.com,AlternativeStaffing,,https://www.facebook.com/alternativecareoptions
1871529347,ALTERCARE LLC,JACKSONVILLE,FL,https://altercare.com,AltercareIntegratedHealthServices,,https://www.facebook.com/AltercareIntegratedHealthServices
1851064463,"ALTERNATIVE MEDICAL HEALTHCARE SERVICES, CORP",NAPLES,FL,https://alternativemedical.com,DomainMarketCom,,https://www.facebook.com/alternativehealthcaresolutions.org
1811139140,"ADVANTAGE HOME CARE, INC.",TAMPA,FL,,Advantage Home Care,,https://www.facebook.com/Advantagehomecare2127
1831365253,ALTERCARE OF PALM BEACH COUNTY LLC,PORT ST LUCIE,FL,https://feedam.org/resource/544550,feedamericaorg,,https://www.facebook.com/AHPalmBeach
1104858893,"AAA QUALITY, INC.",HOUSTON,TX,,AAA Quality Care,,https://www.facebook.com/aaaqualitycare.ndis
1609202670,ALTERMEASE S KIMBLE,ORLANDO,FL,,Altermease S Nesbitt (@altermease.kimble),,https://www.facebook.com/altermease.kimble
1912194523,ALWAYS DEPENDABLE INC,ST PETERSBURG,FL,https://alwaysdependable.com,DomainMarketCom,,https://www.facebook.com/alwaysreliablellc
1174412381,BRIGHTER DAYS HOME HEALTH,PHOENIX,AZ,https://brighterdayshomehealthcare.com,BrighterDaysHC,,https://www.facebook.com/BrighterDaysHC
1578086690,ALWAYS DIGNIFIED HOME CARE SOLUTIONS INC.,MAITLAND,FL,,"Dignified Home Care (@hc.dignified) • Facebook, Connect with ...",,https://www.facebook.com/hc.dignified
1801636568,AIDALY CARE MICHIGAN LLC,CLINTON TOWNSHIP,MI,,Quality Home Care - Michigan,,https://www.facebook.com/qualityhomecaremichigan
1851192165,"ALWAYSCARE SENIOR SERVICES, LLC",FORT LAUDERDALE,FL,,Nimol AlwaysCare,,https://www.facebook.com/n.alwayscare
1669365235,AIDALY CARE TAMPA LLC,TAMPA,FL,,Aidaly,,https://www.facebook.com/JoinAidaly
1841860707,ADERAS HOME HEALTH LLC,MIAMI,FL,,Aderas Home,,https://www.facebook.com/Aderashh
1225651052,ALWAYS BEST AT HOME LLC,WINTER GARDEN,FL,,Always Best Care Senior Services CorporateAlways Best Care Seniors Services of P,,https://www.facebook.com/alwaysbestcarecorporate
1164783494,"AGAPELIFE HEALTH GROUP, LLC",JACKSONVILLE,FL,,Agapelife HomeCare Solutions,,https://www.facebook.com/Agapelifehomecare
1285584367,ALL ABOUT YOU HOME HEALTHCARE,ORLANDO,FL,,All About You In-Home Health Care,,https://www.facebook.com/allaboutyouhealthcare
1508493099,"ADUA CARE SERVICES, INC.",MIAMI,FL,,Adua.ca,,https://www.facebook.com/aduaweb
1972643021,"ALWAYS THERE HOME CARE SERVICES, INC.",PINELLAS PARK,FL,,Always There Home Care LLC,,https://www.facebook.com/always.there.home.care.llc.2025
1265018857,AMAYSING CARE & HEALTH SERVICES LLC,DADE CITY,FL,https://www.amaysingcare.org,Amaysing Care & Health Services,,https://www.facebook.com/amaysingcarehealth
1386534386,AMAZING CAREGIVERS INC,GAINESVILLE,FL,https://amazingcaregivers.com,Caregivers / Companionship,,https://www.facebook.com/Amazingcarecompanions
1114572344,0-HASSLE PERSONAL CARE SERVICES LLC,HOUSTON,TX,https://zerohasslecare.com,No Hassle Service,,https://www.facebook.com/NoHassleServices
1508606716,AMAYSING CARE & HEALTH SERVICES LLC,DADE CITY,FL,https://www.amaysingcare.org,Amaysing Care & Health Services,,https://www.facebook.com/amaysingcarehealth
1578387999,COPPER CANYON HEALTH,PHOENIX,AZ,https://coppercanyonhomehealth.com,Copper Canyon Anesthesia,,https://www.facebook.com/coppercanyon.anesthesia
1114729514,"AMARA HOME CARE, INC.",HIALEAH,FL,,"Amara Homecare (@amara.homecare) • Facebook, Connect with friends",,https://www.facebook.com/amara.homecare
1992812515,"AMBAR HOME HEALTH AGENCY, INC.",NORTH MIAMI BEACH,FL,,Ambar Home,,https://www.facebook.com/Ambarhome
1093257131,AMAZING NURSES & COMPANIONS INC.,CASSELBERRY,FL,,Amazing Nurses,,https://www.facebook.com/AmazigNurses
1407588544,LILLYS CARE HELPING HAND,SATSUMA,FL,,Lillie’s Helping Hand’s & More,,https://www.facebook.com/Lillieshelpinghandsandmore
1760395263,MAGS & KELLO PATHWAYS TO SUCCESS,KISSIMMEE,FL,,Pathways to Success Inc.,,https://www.facebook.com/Pathwaystosuccessinc
1649045881,MOVIC HEALTHCARE SERVICES INC,KATY,TX,,MOVIC Healthcare Technology,,https://www.facebook.com/mymovichealth
1710140264,"IDEAL HEALTH CONCEPTS, LLC",SCOTTSDALE,AZ,,"Ideal Health, LLC",,https://www.facebook.com/Ideal.Health.LLC
1568526770,HAGGAI HEALTHCARE CORP,GILBERT,AZ,https://haggaihealthcare.com,HaggaiHealthCareCorporation,,https://www.facebook.com/HaggaiHealthCareCorporation
1720618994,BEHAVIOR AND THERAPY CONSULTANTS INC,MIAMI,FL,https://behaviortherapy.com,Miami Behavior Analyst,,https://www.facebook.com/miamibehaviortherapy
1043070519,QUALITY DIRECT CARE LLC,SAINT CLOUD,FL,https://bisprofiles.com/fl/quality-direct-care-l22000359345,NATIONAL DIRECT HOME CARE,,https://www.facebook.com/nationaldirecthomecare
1982345310,"OCEANSIDE HEALTH, LLC",STUART,FL,,Oceanside Senior Care,,https://www.facebook.com/OceansideSeniorCare
1285729376,"1ST GENTLECARE HOME HEALTH, LLC",BEDFORD,TX,https://1stgentlecare.com,GentleCare At Home,,https://www.facebook.com/gentlecareathome
1184827990,INSTANT CARE OF ARIZONA,PHOENIX,AZ,https://phoenix-home-care.com/agencies/instant-care-of-arizona,instantcareaz,,https://www.facebook.com/instantcareaz
1417782897,HARMONY LIVING HEALTH CARE SERVICES LLC,APOPKA,FL,https://harmonyliving.com,Harmony Living,,https://www.facebook.com/Harmonylivingfl
1871650374,AFFORDABLE HOME HEALTH CARE,DALLAS,TX,,"Affordable at Home Care, Inc",,https://www.facebook.com/Affordableathomecare
1366704058,ADVOCATES AND WELLNESS THERAPEUTIC SERVICES INC.,HOUSTON,TX,https://www.medicarelist.com/mental-health/advocates-and-wellness-therapeutic-se,Wellness Advocates,,https://www.facebook.com/wellnessadvocates7
1487699682,ADIDEL INC,HOUSTON,TX,,Adidel,,https://www.facebook.com/adidel.glx
1114253523,AETNA HOME HEALTH CARE LLC,ARLINGTON,TX,,Aetna,,https://www.facebook.com/aetna
1104551415,ALDONIA HOME HEALTH AGENCY INC,KATY,TX,,Aldonia 18,,https://www.facebook.com/officiallyALDONIA18
1740613389,"ALAMO INFUSIONS ETC.,LLC",SAN ANTONIO,TX,https://www.care.com/b/l/alamo-infusions-etc-llc/san-antonio-tx,caredotcom,,https://www.facebook.com/alamowatersofteners
1417894387,DE LA CARIDAD SERVICES LLC,MIAMI,FL,https://delacaridad.org,Caridad - Home Care Services,,https://www.facebook.com/CaridadHomeCareServices
1598621096,RAPIDSERV SOLUTIONS LLC,RICHMOND,TX,,"Rapid Serv (@rapidservrd) • Facebook, Connect with friends",,https://www.facebook.com/rapidservrd
1093048589,"3 STAR HEALTHCARE, INC.",RICHLAND HILLS,TX,,3 star Healthcare,,https://www.facebook.com/3starhealthcareltd
1750564126,"24/7 NURSE CARE HOME HEALTH SERVICES, INC.",RICHMOND,TX,,Nurses Care Home Health Services,,https://www.facebook.com/nursescarehomehealth
1659761575,3M BLESSING INC,HOUSTON,TX,,Blessing Company,,https://www.facebook.com/BlessingCoPlumbingandHeating
1174847388,5 - STAR LUXURY LIVING,HUMBLE,TX,,NorthStar Luxury Homes,,https://www.facebook.com/northstarluxuryhomes
1184136145,INFINITE SUPPORT SERVICES LLC,MOUNT DORA,FL,https://infinitesupportservices.com,infinitehomecare,,https://www.facebook.com/infinitehomecare
1871030734,AEON HOME HEALTH CARE LLC,HOUSTON,TX,https://aeonhomehealth.com,AeonCare.in,,https://www.facebook.com/AeonCares
1275085607,NEW DIRECTION HOME HEALTHCARE OF DFW INC,MANSFIELD,TX,,New Direction Home Healthcare of DFW dba Eagle Home ...Anushka Sharma,,https://www.facebook.com/newdirectionofdfw
1518573195,4WEST CARE & LOGISTICS,ARLINGTON,TX,,4WEST,,https://www.facebook.com/4WestCo.
1619776226,7 HEALING HANDS HOME HEALTH CARE,HOUSTON,TX,,Healing Hands Home Healthcare,,https://www.facebook.com/healinghandshomehealthcare.ae
1891487500,4LIFE HOME HEALTH SERVICES LLC,GRAND PRAIRIE,TX,,4Life Research,,https://www.facebook.com/4life
1275780405,A & L HEALTHCARE SYSTEMS,DUNCANVILLE,TX,,Care Systems,,https://www.facebook.com/CareSystemsSoftware
1932979630,"PHYSICIANS TRANSITIONAL CARE GROUP, INC.",HOUSTON,TX,,Transitional Med-Group,,https://www.facebook.com/transitionalmedicalgroup
1508450271,QUADRANT MEDICAL SUPPLY LLC,HUTTO,TX,,"Quadrant Technologies, LLC",,https://www.facebook.com/quadrantmed
1396664223,"SARAS WELL HOME HEALTH, LLC",COLLEGE STATION,TX,,Sara's Well Saras,,https://www.facebook.com/saraswell.saras
1144179144,SOLURA IN-HOME CARE SERVICES INC,EL PASO,TX,,Solura,,https://www.facebook.com/solurainc
1073788048,A 2 Y INVESTMENTS,HOUSTON,TX,https://www.medicarelist.com/speech-pathologist/premier-pediatric-therapy-housto,2 Brothers Investments,,https://www.facebook.com/2brosinvestments
1144835703,A ANGEL'S TOUCH HCS INC,DALLAS,TX,https://anangelstouchhcs.com,AATHCS,,https://www.facebook.com/angelstouchllc
1295483550,JOSE HOME CARE SOLUTION LLC,NORTH MIAMI BEACH,FL,https://josehomecaresolution.com,Ja Home Care Solutions,,https://www.facebook.com/jahomecaresolutions
1992225965,PRESTIGE HOMECARE COMPANIONS,JACKSONVILLE,FL,https://prestigehomecare.com,Prestige Companions Home Care,,https://www.facebook.com/prestigecompanions.homecare
1477433159,A BETTER QUALITY OF LIVING HOME HEALTH CARE LLC,HOUSTON,TX,,Better Living Home Care,,https://www.facebook.com/betterlivinghomecarellc
1659686368,A C KERV HEALTHCARE AGENCY,DALLAS,TX,,KERV Interactive,,https://www.facebook.com/KERVit
1023270709,"REALITY HEALTH CARE, INC.",FLOWER MOUND,TX,,Reality Home Services Bangalore,,https://www.facebook.com/RealityCleaningServicesBangalore
1376998005,FAITH SOLUTIONS INC.,DAYTONA BEACH,FL,,Faith Solutions International,,https://www.facebook.com/faithsolutionsinternationalofficial
1275315475,"A CARING HAND HOME CARE, LLC",DALLAS,TX,https://acaringhand.net,ACHFOUNDATION,,https://www.facebook.com/acaringhandhc
1073797437,"ALMOST FAMILY PC OF WEST PALM, LLC",WEST PALM BEACH,FL,https://lhcgroup.com/locations/almost-family-of-west-palm-beach,LHCGroup,,https://www.facebook.com/ALMOSTFAMILLYPERSONALCARELLC
1861576274,ADAPTIVE HOME HEALTH LLC,PLANO,TX,https://www.adaptivehh.com,Adaptive Homecare,,https://www.facebook.com/AdaptiveHC
1427296151,"ADVANCED HEALTHCARE PROFESSIONALS, INC.",HOUSTON,TX,https://advancedprofessionals.net,Caring Professionals Home Care Agency LLC,,https://www.facebook.com/caringprofessionalshc
1902124324,ALLIANCE HEALTHCARE STAFFING CORP.,ORLANDO,FL,,Alliance Medical & Home Care,,https://www.facebook.com/AllianceMedicalHomeCare
1003191420,ALLIED PATIENT CARE SOLUTIONS,PLANTATION,FL,,Allied Physicians Group,,https://www.facebook.com/AlliedPhysiciansGroup
1568796308,AHHC ACUTE HOME HEALTH INC.,DALLAS,TX,,Acute Home Healthcare,,https://www.facebook.com/AcuteHomeHealthcare
1528727229,A LEGACY HOME CARE LLC,ARLINGTON,TX,,Legacy Home Care Services,,https://www.facebook.com/LegacyHomeCareServicesInc
1467805507,ADVANTAGE CARE SOLUTIONS INC,LAKE MARY,FL,https://advantagesolutions.net,Advantage Care Services,,https://www.facebook.com/advantagecareservices
1457361818,"ALGEN HEALTH, LLC",HOUSTON,TX,https://houstonhomecare.org/agencies/algen-health-llc,Algen Enage,,https://www.facebook.com/Algen.Official
1447072822,SUNSHINE NANAS HOME HEALTH LLC,LOXAHATCHEE,FL,https://bisprofiles.com/fl/sunshine-nanas-home-health-l24000443995,"Sunshine Nana (@sunshine.nana.52) • Facebook, Connect with ...",,https://www.facebook.com/sunshine.nana.52
1851259287,APRILS BLESSINGS LLC,HOUSTON,TX,https://houstonhomecare.org/agencies/aprils-blessings-llc/review,April Blessings Boutique,,https://www.facebook.com/aprilblessingsboutique
1578305926,"BBA HEALTHCARE PARTNERS, LLC",FORNEY,TX,https://hospice.io/hospice/bba-healthcare-partners-llc-forney-tx,CarePartners Homecare (@carepartnershomecare),,https://www.facebook.com/carepartners-home-care
1497489322,AJA DIVINE HEALING,HOUSTON,TX,https://sevah.ai/home-care/tx/1497489322/aja-divine-healing,Agape Divine Healing,,https://www.facebook.com/AgapeDivineHealingMinistry
1538502547,A GOOD HOME HEALTH & HOSPICE LLC,DALLAS,TX,,Greater Good Home Care,,https://www.facebook.com/greatergoodhomecare
1053723403,A HOPEFUL TOMORROW HOME HEALTHCARE INC,WAXAHACHIE,TX,,A Hopeful Tomorrow,,https://www.facebook.com/ahopefultomorrow
1104685510,A MOTHER'S CARE HOME HEALTH LLC,GARLAND,TX,,A Mothers Touch Home Care Services,,https://www.facebook.com/AMothersTouchHCS
1639413495,"A NURSE ANGELS HOME HEALTH, INC.",ARLINGTON,TX,https://www.anurseangelshomehealth.com,La Nurse Home Care and Staffing Services,,https://www.facebook.com/lanursehomecare
1649140252,"FREDDYE'S PROMISE, INC",FORNEY,TX,,"Jerome’s promise, INC.",,https://www.facebook.com/JeromesPromiseInc
1861085839,A MINISTERING HAND LLC,HOUSTON,TX,https://www.aministeringhandhomecareservices.com,Ministering Hands Healthcare (@ministeringhands ...,,https://www.facebook.com/ministeringhands.healthcare
1235903261,ADVANCE CARE PLUS INC.,RICHMOND,TX,,Advance Home Care (@advance.h.care.7),,https://www.facebook.com/advance.h.care.7
1487511184,AFFINITY CONCIERGE CARE SOLUTIONS LLC,AUSTIN,TX,,Affinity CHC,,https://www.facebook.com/Affinityconciergecare
1609344779,F&S COMPANION SERVICES LLC,TAMPA,FL,,Home Companion Services,,https://www.facebook.com/homecompanionservices
1780553958,APEX LONESTAR HEALTHCARE SOLUTIONS INC,ROUND ROCK,TX,https://local.yahoo.com/info-241327006-apex-lonestar-healthcare-solutions-inc-ro,yahoo,,https://www.facebook.com/apexhealthcaresolutions
1639597883,A SENSITIVE TOUCH HOME HEALTHCARE LLC,RICHARDSON,TX,https://asensitivetouch.com,A Sensitive Touch - Medically Oriented Massage,,https://www.facebook.com/ASensitiveTouchMedicalMassage
1396691242,A PROVIDENCE HEALTHCARE LLC,HOUSTON,TX,https://houstonhomecare.org/agencies/a-providence-healthcare-llc,Providence Healthcare (@providence.healthcare),,https://www.facebook.com/ProvidenceHealthCare
1831836568,ACTIVE HEALTHCARE SYSTEM LLC,RICHMOND,TX,https://activesystem.org,Active Healthcare,,https://www.facebook.com/ActiveHealthcareDFW
1528373016,NURSE MENTORS STAFFING REGISTRY,MIRAMAR,FL,https://www.nursementorsregistry.com,Norton Nurse Registry Corp,,https://www.facebook.com/NortonNurseRegistryCorp
1417601006,"AER COUNSELING AND CONSULTING, PLLC",MCALLEN,TX,,Meaningful Counseling & Consulting,,https://www.facebook.com/meaningfulcounseling
1639357155,AIICA USA INC,HOUSTON,TX,,Aiica,,https://www.facebook.com/aiica.aiica
1104185362,AGAPE CARE CENTER,HOUSTON,TX,,Center City Home Care,,https://www.facebook.com/CenterCityHomeCare
1811877996,AL SAIF HOME HEALTH LLC,HOUSTON,TX,https://houstonhomecare.org/agencies/al-saif-home-health-llc,AlSaif Home - السيف هوم,,https://www.facebook.com/Alsaifhomeshop
1427985126,UNITY SUPPORT HOMES LLC,LAKELAND,FL,https://unitysupporthomes.com,Unity and Love Home Care Services,,https://www.facebook.com/UnityandLove21
1548946262,PARISCARE HOME HEALTH AGENCY LLC,GARLAND,TX,https://dallashomecare.org/agencies/pariscare-home-health-agency-llc,"ParisCare Officially (@thepariscare) • Facebook, Connect with ...",,https://www.facebook.com/thepariscare
1093042103,A TEXAS ANOINTED HOME HEALTHCARE,HOUSTON,TX,,Anointed Home Health Care,,https://www.facebook.com/anointedhomehealthcare
1932812658,ENCOURAGING HANDS LLC,HOUSTON,TX,,The Encouraging Home,,https://www.facebook.com/theencouraginghome
1629885157,A TOUCH OF MERCY HOME CARE LLC,MARSHALL,TX,,Marshall Mercy,,https://www.facebook.com/marshall.mercy
1265000699,A&J ENTERPRISE,CYPRESS,TX,,A J Enterprise,,https://www.facebook.com/Ajenterprise2024
1831254366,A TRINITY VALLEY HOME HEALTH AND THERAPY SERVICES PLLC,ATHENS,TX,,Trinity Home Health Care Services Inc.,,https://www.facebook.com/Trinityhhs
1861762403,A RELIABLE ALTERNATIVE HOME HEALTH,KATY,TX,https://hospice.io/hospice/a-reliable-alternative-home-health-katy-tx,"Reliable Community Alternatives, LLC. Non-Medical Home CareFacebookAlternative H",,https://www.facebook.com/ReliableCommunityAlternatives
1902032857,A-PRIME MEDICAL HOME HEALTH INC.,MANOR,TX,,Prime Medical,,https://www.facebook.com/PrimeMedicalLLC
1447845698,"AKARD HEALTHCARE, LLC",GRAND PRAIRIE,TX,,Paul Akard,,https://www.facebook.com/paul.akard2
1013305317,ALLCARE HOME HEALTH LLC,EL PASO,TX,,AllCare Home Health LLC,,https://www.facebook.com/AllCare2023
1407049398,"ALAMO HOME HEALTHCARE, INC",SAN ANTONIO,TX,,Alamo Homes,,https://www.facebook.com/alamohomestexas
1528393774,A-1 ADVANTAGE HOME HEALTH SERVICES INC,HOUSTON,TX,https://review.care/homehealthcare/id/747484/a1-advantage-home-health-services-i,NursingHomeReviews,,https://www.facebook.com/AdvantageHomeHealthCare
1588644934,"AHM ACTION HOME HEALTH, LP",TYLER,TX,https://feedam.org/resource/543872,feedamericaorg,,https://www.facebook.com/actionhomesolutions
1740897735,EXTRAORDINARY HOME HEALTH CARE LLC,HOUSTON,TX,https://extraordinary.com,Extraordinary Home Care Services,,https://www.facebook.com/ExtraordinaryHomeCareServices
1205685856,"ALLURING CARE, LLC",SUGAR LAND,TX,https://alluring.com,Alluring Aesthetics,,https://www.facebook.com/AlluringAestheticsLLC
1447638804,A-NURS HEALTH CARE PROVIDERS LLC,PEARLAND,TX,,Nurse Next Door,,https://www.facebook.com/nursenextdoor
1366714362,A&R VIDA,MISSION,TX,,Vida Mission,,https://www.facebook.com/vida.mission
1447587035,"A-ALTIMA HOME HEALTHCARE, LLC",SAN ANTONIO,TX,,"Altima Healthcare (@altima.healthcare) • Facebook, Connect ...",,https://www.facebook.com/altima.healthcare
1336311596,"AB & COMPANY SERVICES, INC.",MIAMI LAKES,FL,,A & B Services Company,,https://www.facebook.com/ABServicesCompany
1083672364,A-UNIFIED HOME HEALTH AGENCY INC,MESQUITE,TX,https://aunifiedhha.com,SA Unified Homecare,,https://www.facebook.com/saunifiedhomecare
1669519773,"AMAZING GRACE NURSING SERVICES, INC",MISSOURI CITY,TX,http://www.agnursingservices.com,Amazinggnc,,https://www.facebook.com/Amazinggnc
1073473880,GENTLE HANDS PERSONAL & HOMECARE LLC,KATY,TX,,Gentle Hands Personal Care llc,,https://www.facebook.com/gentlehandspersonalcarellc
1336929041,GOLDEN LOVE HOME CARE SERVICES LLC,FORT WORTH,TX,,Golden Home Healthcare,,https://www.facebook.com/goldenhcpa
1487985701,HELPING HANDS HOMECARE SERVICES,HOUSTON,TX,,Helping Hands Home Care,,https://www.facebook.com/Helpinghandshomebasedcare
1871355636,LONE STAR REVELATION LLC,SAN ANTONIO,TX,,"Lone Star Signing, LLC",,https://www.facebook.com/lonestarsigningllc
1932459062,AABA HEALTHCARE SERVICES INC.,HOUSTON,TX,,AABA,,https://www.facebook.com/aabaoficial
1255954616,BONAFIDE STEADY HOME HEALTHCARE,PLANO,TX,,Bonafide,,https://www.facebook.com/hellobonafide
1215563820,ADVACARE HC PRACTITIONERS INC,ROSENBERG,TX,,AdvaCare HC Practitioners,,https://www.facebook.com/AdvaCareHCP
1346111366,"AAMANI HEALTH & COMMUNITY SERVICES, INC.",FT LAUDERDALE,FL,,Aamani Group,,https://www.facebook.com/aamanigroups
1770431868,SOUTH AUSTIN CAREGIVING COMPANY LLC,AUSTIN,TX,https://southaustin.com,Cornerstone Caregiving,,https://www.facebook.com/cornerstonecaregivingsouthaustin
1720944622,KNEW TOUR LLC,IRVING,TX,,Irving Tour,,https://www.facebook.com/irvingtours
1609964279,AAGES HEALTH CARE INC,BASTROP,TX,,Svenn Aages,,https://www.facebook.com/svenn.aages
1831367861,ABAKE OLUBUKOLA OLUSANYA,HOUSTON,TX,,Olusanya Olubukola,,https://www.facebook.com/olusanya.olubukola
1831597251,AANGELS QUALITY HEALTH SERVICES,SAN ANTONIO,TX,,Aangels,,https://www.facebook.com/aangels.aangels
1609006170,AARON GRACE HOME CARE CORP,ARLINGTON,TX,,Aaron Grace,,https://www.facebook.com/aaron.grace
1346181245,DEBBYRHODA CARES LLC,JACKSONVILLE,FL,,Caressa Rhoda,,https://www.facebook.com/caressa.rhoda
1225360225,ABBY MEDICAL SUPPLY,GRAND PRAIRIE,TX,,Abby Care,,https://www.facebook.com/abbycareorg
1114388485,ABBA HOME CARE,SAN ANTONIO,TX,,ABBA Home Care,,https://www.facebook.com/abbahomecare1
1578622866,"ABBEY GROUP, INC.",HOUSTON,TX,,"FacebookThe Abbey Group, Ltd.",,https://www.facebook.com/AbbeyGroup
1881674133,ABBA HOME HEALTH LP,AMARILLO,TX,,"Abba Home (@home.abba) • Facebook, Connect with friends",,https://www.facebook.com/home.abba
1891501060,ABBA LEGACY HOME CARE,JARRELL,TX,,ABBA Home Care,,https://www.facebook.com/abbahomecare1
1174549919,"ABBIE HEALTH CARE, INC",SAN ANTONIO,TX,,Abbie San Antonio,,https://www.facebook.com/abbie.sanantonio.98
1568105278,ABBA HOME HEALTHCARE INC,ARLINGTON,TX,,ABBA Home Care,,https://www.facebook.com/abbahomecare1
1326197351,ABBIE HEALTH CARE INC,SAN ANTONIO,TX,,Abbie Care,,https://www.facebook.com/abbie.care
1780900050,ABBEES HEALTHCARE SERVICES INC,RICHMOND,TX,,Adam Abbees,,https://www.facebook.com/adam.abbees
1679870463,"ABBA HOME HEALTH, LP",LUBBOCK,TX,,"Abba Home (@home.abba) • Facebook, Connect with friends",,https://www.facebook.com/home.abba
1770670739,ABBI'S CARE TEAM LLC,HOUSTON,TX,,"The Care Team Hospice formerly Crossroads Hospice, Inc ...Abbi's Treasures Bouti",,https://www.facebook.com/CareTeamHouston
1043045958,"ADVEM CARE, LLC",DALLAS,TX,,"ADVEM (@advem.2025) • Facebook, Connect with friends",,https://www.facebook.com/advem.2025
1184495541,ABIDE HOME HEALTH CORPORATION,HOUSTON,TX,,Abide Home Health Care LLC,,https://www.facebook.com/abidehomehealthcare
1396859047,"ADVOCATE HOME HEALTHCARE SERVICES, INC.",RICHARDSON,TX,,Advocate In-Home Care,,https://www.facebook.com/AdvocateInHomeCare
1700678380,ABELLA HEALTHCARE LLC,HOUSTON,TX,https://houstonhomecare.org/agencies/abella-healthcare-llc,Abella Skin Care,,https://www.facebook.com/AbellaSkinCare
1316112378,ABILITIES INC.,DALLAS,TX,https://abilities.com,AbilitiesExpo,,https://www.facebook.com/AbilitiesCorp
1740068410,ABIDING LIGHT HOMECARE,HOUSTON,TX,https://www.myabidinglight.com,Abiding Light Homecare,,https://www.facebook.com/abidinglighthomecare
1417239682,"ABET LIFE, INC",MISSOURI CITY,TX,https://houstonhomecare.org/agencies/abet-life-inc,ABET LIFE Home Health,,https://www.facebook.com/AbetLife
1811358872,ABCEDY PEDIATRICS HOME HEALTH SERVICES,CASTROVILLE,TX,,Abcedy Edy,,https://www.facebook.com/abcedy.edy
1174711683,"ABILITY AND PERFORMANCE HOME CARE,LLC",SAN JUAN,TX,,Performance Ability,,https://www.facebook.com/performanceability
1700011723,AARONS LOVING ARMS PROVIDER SERVICE,SAN ANTONIO,TX,,Loving Arms Health Care Services,,https://www.facebook.com/LovingArmsHCS
1811923121,"ALL CARE HEALTH SERVICES OF MIAMI,CORP",MIAMI,FL,,All Care Health Services,,https://www.facebook.com/allcarecpr
1912520529,DIVINE HUMANITY HOMECARE LLC.,JACKSONVILLE,FL,,Divine Home Care,,https://www.facebook.com/HomeHealthCarebyDivine
1952155343,"ABLE HOME CARE, LLC",PROVIDENCE VILLAGE,TX,https://local.yahoo.com/info-236753690-able-home-care-llc-providence-village/;_y,yahoo,,https://www.facebook.com/able.home
1053696740,"ABIDING ANGELS HEALTHCARE, HCS,LLC",FORT WORTH,TX,,Abiding Angels,,https://www.facebook.com/AbidingAngels
1740340199,ABIODUN AKINFENWA,EULESS,TX,,Abiodun Akinfenwa,,https://www.facebook.com/abiodun.akinfenwa
1124806047,ABOUTYOU HEALTHCARE,CEDAR HILL,TX,https://local.yahoo.com/info-235144420-aboutyou-healthcare-cedar-hill,yahoo,,https://www.facebook.com/care.aboutyou.9
1699413906,ABLE HEART HEALTHCARE SERVICES,ALLEN,TX,,Able Hearts Homecare,,https://www.facebook.com/able.hearts.healthcare
1134408800,"ABLE HANDS HEALTHCARE, INC.",ROUND ROCK,TX,,Udeagha Richard (@AbleHandsHealthCare),,https://www.facebook.com/AbleHandsHealthCare
1770469876,ABN CHILDREN WITHOUT BORDERS,EL PASO,TX,,KIDS WITHOUT BORDERS,,https://www.facebook.com/KidsWithoutBorders
1316709348,ABSOLUTE HEALTHCARE,DALLAS,TX,,Profile for Absolute Health Care,,https://www.facebook.com/absolutehealthcare1
1629774856,"ADVANCED RESPIRATORY SOLUTIONS, PLLC",HARLINGEN,TX,,Respiratory Home Care,,https://www.facebook.com/respiratoryhc
1891780680,"ABSOLUTE HOME CARE OF EL PASO, INC.",EL PASO,TX,,ComForCare Home Care,,https://www.facebook.com/ComForCareHomeCareElPasoTX
1922588300,ABRAMS HEALTHCARE SERVICES LLC,DALLAS,TX,https://www.abramshealthcareservices.com/about,"Abrams Services (@abramsservices) • Facebook, Connect with ...",,https://www.facebook.com/abramsservices
1740421718,A&S HEALTH ASSOCIATES INC,GARLAND,TX,,Garland Associates,,https://www.facebook.com/GarlandAssociates1
1407259575,"ABSF, LLC",AUSTIN,TX,,Absf Absa,,https://www.facebook.com/absf.absa
1497254221,"AC2 HEALTHCARE SERVICES, LLC.",HOUSTON,TX,,AC2 Services,,https://www.facebook.com/ac2services
1992547533,ABUNDANCE HEALTH NETWORK LLC,ARLINGTON,TX,,Abundance Network,,https://www.facebook.com/abundancenetwork
1427693829,ABSOLUTION HEALTH CARE INC,PALMVIEW,TX,,"Absolution Health Care, Inc.",,https://www.facebook.com/AbsolutionHC
1063259844,AFAIR HEALTHCARE,KILLEEN,TX,,Afair Healthcare,,https://www.facebook.com/afairhealthcare
1669773875,ABUNDANT GRACE HOME CARE,GRAND PRAIRIE,TX,https://abundantgrace.org,squarespace,,https://www.facebook.com/abundantgracecommunity
1639741630,"ABUNDANT HEARTS, LLC",STAFFORD,TX,https://abundantheartshome.com,Abundant Hearts Daycare and Preschool,,https://www.facebook.com/AbundantHeartsDaycare
1194316620,"CHRISTWAY HOME HEALTHCARE, LLC",DALLAS,TX,https://www.medicarelist.com/mental-health/christway-home-healthcare-llc-dallas-,Christway Home Health,,https://www.facebook.com/ChristwayHH
1376151746,PARK CITIES HEALTH SERVICES LLC,DALLAS,TX,https://parkcities.org,parkcitiespca,,https://www.facebook.com/HCAParkCities
1194578310,ABUNDANZE ADVANCED HOME HEALTH LLC,DALLAS,TX,,Abundanze Morgan Ekanem,,https://www.facebook.com/AbundanzeJoshua
1609634104,ABUNDANCE CARING HANDS,BRYAN,TX,,Abundance Home Care LLC,,https://www.facebook.com/abundancehomecare4u
1750054458,ACADIA CARE INCORPORATED,PEARLAND,TX,,"Acadia Home Health Care, LLC",,https://www.facebook.com/AcadiaCares
1225294226,247 ALLSTAFF WEST LLC,SACRAMENTO,CA,https://247allstaff.com,247allstaff,,https://www.facebook.com/247allstaff
1467190504,"ACADIA HEALTH SERVICES, LLC",AUSTIN,TX,,"Acadia Home Health Care, LLC",,https://www.facebook.com/AcadiaCares
1447843586,ACARE LLC,ARLINGTON,TX,,Acare Provider Services LLC,,https://www.facebook.com/acareproviderservices
1639790017,ACADIA CARE INC,SUGAR LAND,TX,,"Acadia Home Health Care, LLC",,https://www.facebook.com/AcadiaCares
1336706555,"ACCEPTANCE HOME HEALTH, LLC",DALLAS,TX,https://acceptance.com,AcceptanceInsurance,,https://www.facebook.com/AcceptanceHH
1003132275,ACCESS CARE SERVICES,DALLAS,TX,,Care Access,,https://www.facebook.com/CareAccessHealth
1295184190,"A PREMIER SENIOR HOME CARE ACQUISITIONS, LLC",CHICKASHA,OK,,Premier Acquisitions,,https://www.facebook.com/PremierAcquisitions
1114679693,ACCENTCARE PROVIDER LLC,HOUSTON,TX,,Provider Care at Home,,https://www.facebook.com/providercareathome
1093041394,ALL FLORIDA HOMEMAKER SERVICES INC.,MIAMI,FL,,Homemaker Health Care,,https://www.facebook.com/HomemakerHealth
1578523817,ACCESS PRACTICAL SOULTIONS INC,PASADENA,TX,,Practical Solutions,,https://www.facebook.com/practicalsolutionsofficial
1598475543,YOUR TAILOR MADE SENIOR SERVICE INC,DALLAS,TX,https://www.ytailormadess.com,yourtailormadess,,https://www.facebook.com/yourtailormadess
1427479138,ACCINA HOME HEALTH INC,STAFFORD,TX,,Accina Ina,,https://www.facebook.com/accina.ina
1538830195,NKJ MULTI SERVICES LLC,ORLANDO,FL,,NKJ Multi-Services,,https://www.facebook.com/NKJ.Multi.Svcs
1396523486,ACCESS HOME CARE LLC,HOUSTON,TX,https://houstonhomecare.org/agencies/access-home-care-llc,Access Home Care LLC and Transportation ServicesAccess Senior Home Care,,https://www.facebook.com/accesshomehealthcare
1023694445,ACC HEALTH CARE DBA COVENANT CARE,BIG SPRING,TX,,Covenant Home Care,,https://www.facebook.com/covenant.homecare
1760870976,ACCRETE HOME HEALTHCARE INC,MC CAMEY,TX,,Accrete One,,https://www.facebook.com/AccreteOne
1215599733,HOME SWEET HOME CARE AGENCY,TEMPE,AZ,,Home Sweet Home Care Agency Inc.,,https://www.facebook.com/HomeSweetHomecareNL
1871208595,ACCURA HEALTH FL 1 LLC,FORT LAUDERDALE,FL,https://hormonemap.com/clinics/accura-health-fl-1-llc,Accura HealthCare,,https://www.facebook.com/AccuraHealthCareLLC
1396907929,"ALTERNATIVE HOME HEALTH AGENCY, INC.",ORLANDO,FL,https://www.ahhaorlando.com/home-health-agency-about-us,Alternative Care,,https://www.facebook.com/alternativecareoptions
1245579804,ACCURATE HEALTH CARE LLC,ODESSA,TX,https://accurate.com,Accurate Home Care,,https://www.facebook.com/AccurateHomeCare11
1861229981,SUNNY COMMUNITY SERVICE,HOUSTON,TX,https://houstonhomecare.org/agencies/sunny-community-service-llc,"Sunny Days Early Childhood Developmental Services, Inc.Sunny Service",,https://www.facebook.com/sunnydaysinc
1275832834,"ACCORD HEALTHCARE SERVICES, INC",GRAND PRAIRIE,TX,,Accord Healthcare,,https://www.facebook.com/accord.hci
1770932451,GODSEND HEALTH SERVICES INC.,HIALEAH GARDENS,FL,,GodSend,,https://www.facebook.com/GodSendInc
1609934470,"AHM ACTION HOME HEALTH, LP",LONGVIEW,TX,,Action Home Solutions,,https://www.facebook.com/actionhomesolutions
1730536798,3 TEES SITTING SERVICES,HOUSTON,TX,,Supurrior Sitting Cat Sitters,,https://www.facebook.com/supurriorsitting
1548971146,ACCURA HEALTH III LLC,HOUSTON,TX,https://hormonemap.com/clinics/accura-health-iii-llc,Accura Health,,https://www.facebook.com/accura.health
1639489362,AARON HEALTH SERVICES,ROSENBERG,TX,,Aaron health,,https://www.facebook.com/aaronhealth
1225556434,ACCURATE HEALTHCARE,FORT WORTH,TX,https://dallashomecare.org/agencies/accurate-healthcare,Accurate Healthcare,,https://www.facebook.com/accurate.healthcare.7
1316620073,ACORNFIELD LLC,DALLAS,TX,https://dallashomecare.org/agencies/acornfield-llc,Acornfield Staff,,https://www.facebook.com/acornfield.staff
1629008511,ACM HOME HEALTH INC.,HOUSTON,TX,,"Acm HomeHealth (@acm.homehealth) • Facebook, Connect with friends",,https://www.facebook.com/acm.homehealth
1073376141,ACELINE HEALTHCARE LLC,RICHMOND,TX,https://houstonhomecare.org/agencies/aceline-healthcare-llc,Aceline Healthcare Services,,https://www.facebook.com/acelinehealthcare
1154492023,ACTS V HEALTH CARE SERVICES LLC,MISSOURI CITY,TX,,Acts of Service Home Care LLC,,https://www.facebook.com/actsofservicehomecare
1447886783,ACME COMMUNITY SERVICES INC,DALLAS,TX,,Acme Community,,https://www.facebook.com/AcmeCommunity
1407175789,ABSOLUTE CARE HOME HEALTH SERVICES,JACKSONVILLE,FL,https://absolute.com,Absolute Care Home Health Services,,https://www.facebook.com/absolutecarehhs
1528280377,"ACUTE HOME CARE, INC.",HOUSTON,TX,,Acute Home Healthcare,,https://www.facebook.com/AcuteHomeHealthcare
1619783917,ACTS OF SERVICE HOME CARE,HOCKLEY,TX,https://www.actsofservicehc.com,Acts of Service Home Care LLC,,https://www.facebook.com/actsofservicehomecare
1639495294,"ADAPTIVE AIDS, LLC",HOUSTON,TX,https://www.adaptiveaidshcs.com,adaptiveaids,,https://www.facebook.com/adaptiveaids
1982964441,AD HEALTHCARE AGENCY INC,DALLAS,TX,,AD Healthcare,,https://www.facebook.com/adhealthcareaus
1255803722,ACTION NURSING CARE SERVICES LLC,KATY,TX,,Action Home Solutions,,https://www.facebook.com/actionhomesolutions
1083614119,"ADVOCATE HOME HEALTH CARE, INC.",CRYSTAL RIVER,FL,https://advocate.com,TheAdvocate,,https://www.facebook.com/AdvocateInHomeCare
1225218670,ACURA HOME HEALTHCARE LLC,SUGAR LAND,TX,https://houstonhomecare.org/agencies/acura-home-healthcare-llc,Acura Home Care,,https://www.facebook.com/AcuraHomeCare
1346103751,ADAMAK HOME HEALTHCARE LLC,HOUSTON,TX,https://local.yahoo.com/info-240533433-adamak-home-healthcare-llc-houston,yahoo,,https://www.facebook.com/AdamakDesign
1235920042,ADIO HOME HEALTH SERVICES INC,BALCH SPRINGS,TX,,ADIO Family Chiropractic and Wellness,,https://www.facebook.com/adiochiropracticandwellness
1578436259,AIM TO PLEASE COMPANION SERVICES LLC,LAKELAND,FL,,Aim To Please Designs LLC,,https://www.facebook.com/aimtopleasedesigns
1477979250,ADEPT HOME HEALTH INC.,SAN ANTONIO,TX,,Adept Home Health Inc.,,https://www.facebook.com/AdeptHomeHealth.PrivateDuty
1093206971,ADEQUATE SERVICES INC,WYLIE,TX,https://adequate.org,Adequate Engineering Services,,https://www.facebook.com/adequatees
1902290182,"AHM ACTION HOME HEALTH, LP",TEXARKANA,TX,https://feedam.org/resource/547789,feedamericaorg,,https://www.facebook.com/actionhomesolutions
1437731569,"ADDOK HEALTH CARE, INC.",RICHMOND,TX,,Addok Addonin,,https://www.facebook.com/addok.addonin
1518965367,ADC HEALTH CARE SERVICES INC,DALLAS,TX,,Atc Healthcare,,https://www.facebook.com/ATCHEALTHCAREJO
1700083656,ADEOLA MUSTAPHA,GRAND PRAIRIE,TX,,Adeola Mustapha,,https://www.facebook.com/mustapha.adeolamorenikeji
1164018396,"AKARD HOMES, INC",GRAND PRAIRIE,TX,,Paul Akard,,https://www.facebook.com/paul.akard2
1588966501,ALDEA HOMEHEALTH AGENCY INC,ALICE,TX,,Alice Aldea,,https://www.facebook.com/alice.aldea.35
1083278584,ADNA HOME HEALTHCARE SERVICES,HOUSTON,TX,,ADNA SERVICES,,https://www.facebook.com/adnaservices
1174706915,ABSOLUTE CARE SERVICES LLC,MIAMI,FL,https://absolute.com,Absolute Home Care Plus,,https://www.facebook.com/absolutehcp
1477377752,ADMIRAL HOMECARE CONSULT LLC,SAN ANTONIO,TX,https://admiralhomecareconsult.com,people,,https://www.facebook.com/admiralhomecare
1972246866,ALLCARE HOMECARE LLC,TAMPA,FL,https://allcarehomecarellc.com,"AllCare HomeCare, LLC",,https://www.facebook.com/Allcarehomecarellc
1114242765,"ADOBE HOMECARE, INC",EL PASO,TX,https://www.care.com/b/l/adobe-homecare-inc/el-paso-tx,caredotcom,,https://www.facebook.com/Adobe
1780105445,"ADMORE CARE, LLC",HOUSTON,TX,https://sevah.ai/home-care/tx/1780105445/admore-care-llc,"Admore Kennel (@admore.kennel) • Facebook, Connect with friends",,https://www.facebook.com/admore.kennel
1982292611,ADONIA PROVIDER HOME CARE LLC,DALLAS,TX,,Adonia,,https://www.facebook.com/Adoniahomecare
1942385281,"ADORA HEALTHCARE SERVICES, INC.",HOUSTON,TX,,"FacebookAdora - Hello everyone My name is Angus, co-founder of ...ADORA Healthca",,https://www.facebook.com/adoracareservices
1518673128,ADONAI M&S LLC,GRAND PRAIRIE,TX,,"Adonai Business Solutions, LLC",,https://www.facebook.com/TeamAdonai
1689784167,"ALCOMED HOMEHEALTH SERVICES, INC",DALLAS,TX,https://www.familyassets.com/home-care/texas/dallas/alcomed-homehealth-services-,familyassets,,https://www.facebook.com/LogicHomehealthServices
1477258416,AMACER GROUP LLC,MIAMI,FL,,"Amacer Amacer (@amacer.amacer) • Facebook, Connect with friends",,https://www.facebook.com/amacer.amacer
1447619952,ALAS DE AMOR PHC INC.,MCALLEN,TX,https://www.boomershub.com/home-care/texas/mcallen/alas-de-amor-phc,boomershub,,https://www.facebook.com/Alasde.amorML
1669667150,ALEGRE HOME HEALTH CARE LLC,MISSION,TX,https://alegrehomehealthcare.com,ahhctx,,https://www.facebook.com/AlegreHHCSanAntonioTx
1023990876,ALAMO AREA HOSPICE LLC,SAN ANTONIO,TX,https://hospice.io/hospice/alamo-area-hospice-llc-san-antonio-tx,Alamo Hospice,,https://www.facebook.com/alamoareahospice
1609306992,VIDANTA PERSONAL ASSISTANCE SERVICES LLC,EL PASO,TX,,Gente Vidanta Riviera Nayarit / Puerto Vallarta,,https://www.facebook.com/GenteVidanta
1144662776,"ALAMO THERAPY GROUP, LLC",LUFKIN,TX,,The Alamo Psychotherapy and Training,,https://www.facebook.com/TheAlamoPsychotherapy
1942815188,ALAMO HEALTHCARE INC,PFLUGERVILLE,TX,,Alamo Health Care LLC,,https://www.facebook.com/alamohealthcarellc
1023682465,"ALAMEDA HEALTH SERVICES, LLC",SAN BENITO,TX,,Alameda Health System,,https://www.facebook.com/alamedahealthsystem
1841895513,ALANE PAS HEALTH INC,HOUSTON,TX,,Alane Wincek,,https://www.facebook.com/alane.m.stieglitz
1336281252,ALAMO HOMECARE INC.,SAN ANTONIO,TX,,Alamo Home Services LLC,,https://www.facebook.com/Alamohomeservice
1780720508,ALBERTSON HEALTHCARE SOLUTIONS LLC,HOUSTON,TX,,Scott Albertson,,https://www.facebook.com/scott.albertson.993892
1649211004,AHMED KATOOT,PANAMA CITY,FL,,Ahmed Katoot,,https://www.facebook.com/ahmed.katoot
1689569337,AIDALY CARE JACKSONVILLE LLC,JACKSONVILLE,FL,,Aidaly,,https://www.facebook.com/aidalysupport
1144873407,AGENCY FOR VITAL SERVICES LLC,MIAMI,FL,,"Agency for Vital Services, LLC",,https://www.facebook.com/AgencyforVitalServices
1154297398,ALEXANDER HOMECARE SERVICES LLC,HOUSTON,TX,https://houstonhomecare.org/agencies/alexander-homecare-services-llc,Alexander Construction and Remodeling LLC,,https://www.facebook.com/alexanderconstructiontx
1578899738,ALEXIS HEALTH CARE INC.,HOUSTON,TX,https://www.alexishealthcare.com,Alexis Home Services,,https://www.facebook.com/alexis.home.services
1861205106,ALINA HEALTHCARE LLC,RICHMOND,TX,https://houstonhomecare.org/agencies/alina-healthcare-llc,Alina TeleHealth,,https://www.facebook.com/alinatelehealth
1073880050,ADLIFE COMMUNITY SERVICES INC,MISSOURI CITY,TX,,Adlife Healthcare,,https://www.facebook.com/adlife.healthcare
1861671190,"ADONAI MEDHEALTH SERVICES, INC",PLANO,TX,,Adonai Services Healthcare,,https://www.facebook.com/adonaiserviceshealth
1912138611,"ADVANCE HOME HEALTH, INC.",SUGAR LAND,TX,,Advanced Home Health Solutions,,https://www.facebook.com/advancedhhs
1578872404,"ALEXIAN HOME HEALTH, LLC",MURPHY,TX,,Alexian Brothers Home Care,,https://www.facebook.com/AlexianHomeCare
1679677850,"ALEXANDER & PUCCI, LLC",SOUTHLAKE,TX,,"Alex Pucci (@alexander.pucci1) • Facebook, Connect with friends",,https://www.facebook.com/alexander.pucci1
1588748156,ALINE HOME HEALTHCARE OF TEXAS,DALLAS,TX,,Aline Donaldson,,https://www.facebook.com/aline.donaldson
1619812914,ALERA HOMECARE LLC,SAN ANTONIO,TX,,Alera Home Services,,https://www.facebook.com/AleraHomeServices
1326728742,ALEXIS HOME CARE LLC,HOUSTON,TX,,Alexis's Home & Pet Care,,https://www.facebook.com/alexishomeandpetcare
1649692641,ALIGHT HOME HEALTH CARE LLC,MCKINNEY,TX,,ALight Home,,https://www.facebook.com/alight.home.31
1871952127,ALIF HEALTHCARE SERVICES INC.,HOUSTON,TX,,Alif Healthcare,,https://www.facebook.com/AlifHealthcareServices
1265308043,"ALIVE AND FIVE HOME HEALTH, LLC",EDINBURG,TX,,Alive Home Health Care,,https://www.facebook.com/aliveHHC
1578802344,A TO Z REHAB AT HOME,WACO,TX,,Rehab at Home,,https://www.facebook.com/RehabilationatHome
1588685416,"A MISSION OF HOME HEALTH CARE, INC",DALLAS,TX,,"Mission Care Home Health Services,Inc",,https://www.facebook.com/missioncarehomehealth
1275722332,"ALIVE HOME HEALTH CARE, INC",GARLAND,TX,,Alive Home Health Care,,https://www.facebook.com/aliveHHC
1427665389,2 HEARTS HOME HEALTH CARE LLC,GILBERT,AZ,https://local.yahoo.com/info-237112307-2-hearts-home-health-care-llc-gilbert/;_y,yahoo,,https://www.facebook.com/purpleheartshome
1235737784,A BRIGHTER FUTURE THERAPIES AND EDUCATIONAL SERVICES,KINGMAN,AZ,https://fastspeech.org/speech-therapist/a-brighter-future-therapies-and-educatio,Brighter Future Home Care Agency,,https://www.facebook.com/BrighterFutureHomeCareAgency
1932107232,A GOOD HOME HEALTH INC.,SAN ANTONIO,TX,,Good Home Health,,https://www.facebook.com/goodhomehealth
1346432432,A CHILD'S THERAPY PLAYHOUSE,SCOTTSDALE,AZ,,The Playhouse,,https://www.facebook.com/playhousecollaborative
1174082028,AHAWKSEYE SOLUTION INC,JACKSONVILLE,FL,,Bullseye Solutions,,https://www.facebook.com/BullseyeSolutionsPhilippines
1952366882,AAA HEALTHWATCH INC.,BROWNSVILLE,TX,https://feedam.org/resource/541263,feedamericaorg,,https://www.facebook.com/healthwatchassistance
1467024182,"VARCO HOME HEALTH, LLC",HOUSTON,TX,,Varco Home Health and Hospice,,https://www.facebook.com/varcohospice
1881457158,ABBA LOVE HOME HEALTH LLC,MISSOURI CITY,TX,https://houstonhomecare.org/agencies/abba-love-home-health-llc,Abbalove House,,https://www.facebook.com/abbalove.house
1851013379,ALTHEA NURSING SERVICE LLC,BOYNTON BEACH,FL,https://altheanursingservice.com,Althea Nursing Service,,https://www.facebook.com/altheanursingservice
1013593565,A-NURSE HEALTH CARE PROVIDERS LLC,PEARLAND,TX,,All Care Providers LLC,,https://www.facebook.com/allcareproviders
1821866328,ABIST HOME HEALTHCARE,LAVEEN,AZ,,Abist,,https://www.facebook.com/AbistMusic
1114793387,AAA PATRIOT CARE ALLIANCE HEALTHCARE AGENCY INC.,CASA GRANDE,AZ,,Patriot Health,,https://www.facebook.com/PatriotHealth
1275300212,ABIDING COMFORT HOMECARE LLC,PHOENIX,AZ,,abidinglighthomecare,,https://www.facebook.com/abidinglighthomecare
1669358958,A TRUESSENCE OF HEALTHCARE LLC,MESA,AZ,,truessenceofhealing,,https://www.facebook.com/truessenceofhealing
1740126598,ALPHA HAVEN HEALTHCARE LLC,HOUSTON,TX,,Haven_HC,,https://www.facebook.com/HavenHealthcare
1760244081,"A CARING ANGEL, LLC",LEWISVILLE,TX,https://acaringangel.com,a-caring-angel,,https://www.facebook.com/angelhomecareagency
1760249908,ABUNDANCE HEALTH CARE LLC,PHOENIX,AZ,https://abundance.org,AbundanceFoundation,,https://www.facebook.com/AbundanceHealthCareLLC
1679094098,"ABUNDANT HOME HEALTH, LLC",YUMA,AZ,https://abundant.com,"Abundant Life Home Care Agency, LLC",,https://www.facebook.com/AbundantLIFEhomecareServ
1467114108,ACCOUNTABLE HOME HEALTH SERVICES LLC,MESA,AZ,,Accountable Services LLC,,https://www.facebook.com/accountableservices
1972230175,ANGELS INSTEAD GROUP LLC,SPRING,TX,https://angelsinstead.com,AngelsInsteadGroup,,https://www.facebook.com/AngelsInsteadGroup
1265499701,ACHIEVEMENT THERAPY SERVICES,SCOTTSDALE,AZ,https://www.medicarelist.com/mental-health/achievement-therapy-services-inc-scot,Achievements Therapy Center,,https://www.facebook.com/achievementstc
1831861715,ARIZONA TENDER CARE LLC,GILBERT,AZ,,Tender Care LLC,,https://www.facebook.com/tender.care.llc
1013641174,DOMINIQUE ANGELS HOME CARE LLC,ARLINGTON,TX,,Dominique Angels,,https://www.facebook.com/dominique.angels.3
1669627170,"ADVANCED CLINICAL ASSOCIATES, LLC",SCOTTSDALE,AZ,https://advancedclinical.com,AdvClinical,,https://www.facebook.com/clinicalassoc
1245023647,AEGIS ZEN LIVING LLC,TUCSON,AZ,https://aegiszenliving.com,"Aegis Zen Living (@aegis.zen.living) • Facebook, Connect with ...",,https://www.facebook.com/aegis.zen.living
1235840851,AFFECTIONATE CARE SERVICES,SAN TAN VALLEY,AZ,https://pharmacygps.com/dme/affectionate-care-services-1235840851,Affectionate Home Care,,https://www.facebook.com/affectionatecare
1437920378,ACUTE CARE HOME HEALTH CORP,TUCSON,AZ,,Acute Home Healthcare,,https://www.facebook.com/AcuteHomeHealthcare
1275266470,ADLP LLC,BUCKEYE,AZ,,ADLP Music,,https://www.facebook.com/itsadlpmusic
1710727995,ADMIRE CARE LLC,TUCSON,AZ,,AdmireCareHomecare,,https://www.facebook.com/AdmireCareHomecare
1417224429,"A STEP ABOVE 1 HOME HEALTHCARE, INC",RICHMOND,TX,,"Step by Step Home Care and Therapy, PLLC",,https://www.facebook.com/stepbystephometherapy
1417514316,A PLUS PRIMARY CARE LLC,LAREDO,TX,,PrimaryPlus,,https://www.facebook.com/PrimaryPlus
1982350427,"ASCENSION HOME HEALTH CARE, LLC",SCOTTSDALE,AZ,https://ascension.org,ascension.org,,https://www.facebook.com/ascension.homehealth
1558059238,ALAGA HOME HEALTH LLC,PRESCOTT,AZ,,Alaga,,https://www.facebook.com/alagaapp
1639529183,AGAPE CARE SERVICES LLC,GLENDALE,AZ,,AGAPE CARE SERVICES,,https://www.facebook.com/agapehomecareservices
1548009152,ALL HEALTHCARE SERVICES LLC,TEMPE,AZ,,ALL's WELL Health Care Services,,https://www.facebook.com/AllsWellHealthCareServices
1518704857,ALL MY ABILITIES LLC,TUCSON,AZ,,Assisted Abilities Home Care (@AssistedAbilitiesHomeCare ...,,https://www.facebook.com/AssistedAbilitiesHomeCare.Centerton
1154672582,"AGAPE HARBOR SPEECH THERAPY AND REHABILITATION, PLLC",SURPRISE,AZ,,Agape Therapy Services and LBF Speech Communication ...Agape Harbor,,https://www.facebook.com/lbfspeech
1851150163,AHA HOME CARE LLC,BUCKEYE,AZ,,ahahomeservice,,https://www.facebook.com/ahahomeservice
1114255619,A-1 PHOENIX HEALTHCARE LLC,IRVING,TX,https://homehealthguys.com/home-health-agencies/tx/irving/a-1-phoenix-healthcare,Phoenix Home Care & Hospice Careers,,https://www.facebook.com/PhoenixCareers
1497994651,"ALTRA, LLC",TUCSON,AZ,,"Altra Builders, Inc. & Altra Division 5, LLC.",,https://www.facebook.com/altrabuildandfabrication
1225635022,ALL WAYS HOMECARE LLC,PHOENIX,AZ,https://phoenix-home-care.com/agencies/all-ways-homecare-llc,allwayshomecareaz,,https://www.facebook.com/allwayshomecareaz
1447600648,A.A.A.H. LIGHTED PATHS,MCKINNEY,TX,,Leading Paths Home health agency,,https://www.facebook.com/LeadingPathsHomehealthagency
1710744024,AMBER BEACON HEALTH SERVICES LLC,SCOTTSDALE,AZ,https://sevah.ai/home-care/az/1710744024/amber-beacon-health-services-llc,Beacon Health,,https://www.facebook.com/BeaconHealth
1962729780,ABSOLUTE HOME HEALTH AGENCY INC,TAMPA,FL,https://absolute.com,Absolute Home HealthContact us for physical... - Absolute Home Health Inc.,,https://www.facebook.com/absolutehomehealthusa
1942045588,AMAZING SENIOR CARE,MARANA,AZ,,Amazing Senior Services LLC,,https://www.facebook.com/amazingseniorservices
1356909022,"ALCEE HEALTH CARE, LLC",LAKE WORTH,FL,,Scott Alcee,,https://www.facebook.com/scott.alcee
1326214685,ALLSTAR HOME HEALTH CARE INC.,MIAMI,FL,,"Allstar Home Health Care, INC",,https://www.facebook.com/allstarhhcinc
1083425821,"CARELINK HEALTHCARE SERVICES, INC",MIAMI,FL,,Carelink Health Care Services Company,,https://www.facebook.com/carelinkhealthcareservices
1013156470,"ANDVENTURE, LLC",PHOENIX,AZ,https://feedam.org/resource/544798,feedamericaorg,,https://www.facebook.com/ml.andventure
1437228509,"AMEDISYS ARIZONA, L.L.C.",YUMA,AZ,,Amedisys,,https://www.facebook.com/AmedisysInc
1508332685,"AMERICAN HEALTHCARE SOLUTIONS, LLC",SCOTTSDALE,AZ,,"Clear Solutions Home Care, LLC",,https://www.facebook.com/ClearSolutionsHomeCareLLC
1366605222,"AMEDISYS ARIZONA, L.L.C.",FLAGSTAFF,AZ,,Amedisys,,https://www.facebook.com/AmedisysInc
1154307924,"AMEDISYS ARIZONA, L.L.C.",YUMA,AZ,,Amedisys,,https://www.facebook.com/AmedisysInc
1174890917,ANGEL CARE LLC,PHOENIX,AZ,,Angelcarehavre,,https://www.facebook.com/Angelcarehavre
1427258714,"AMEDISYS ARIZONA, L.L.C.",CHANDLER,AZ,,Amedisys,,https://www.facebook.com/AmedisysInc
1114000460,"AMEDISYS ARIZONA, L.L.C.",SURPRISE,AZ,,Amedisys,,https://www.facebook.com/AmedisysInc
1013163161,"ANGEL MINISTRIES, LLC",PEORIA,AZ,,Angelministries.ca,,https://www.facebook.com/Angelministries.ca
1972304475,AMIR GROUPS LLC,TUCSON,AZ,,AMIRLLC,,https://www.facebook.com/AMIRLLC
1568572857,"ALEYDA 'S HOME CARE,INC",MIAMI BEACH,FL,https://aleydahomecare.com/en/contact.html,Aleyda Cleaning LLc,,https://www.facebook.com/aleyda.cleaning.llc
1821083882,"ANGELS TOUCH, INC",COTTONWOOD,AZ,https://www.angelscarehealth.com/location/cottonwood-az,AngelsCareHH,,https://www.facebook.com/angelstouchllc
1528976917,CONTENT ASSISTED LIVING HOME LLC,GARLAND,TX,,Sunshine Hill Senior Assisted Living,,https://www.facebook.com/sunshinehillseniorassistedliving
1609667286,ARIA ROSE HOME CARE -LLC,MESA,AZ,https://ariarosehomecare.com,Aria Rose,,https://www.facebook.com/aria.rose.315
1124917034,"SACRED KIN COMPANIONS, LLC",GILBERT,AZ,https://sacredkincompanions.com,Companions LLC,,https://www.facebook.com/CompanionsLLC
1841623857,"APEX-CARE HEALTH, INC.",GLENDALE,AZ,,"Apex Home Care (@apex.homecare) • Facebook, Connect with friends",,https://www.facebook.com/apex.homecare
1710503388,"ANNIE'S HOME, LLC",TOLLESON,AZ,,annieshomephiladelphia,,https://www.facebook.com/annieshomephiladelphia
1255611687,A BETTER WAY HOME HEALTH SERVICES LLC,HOUSTON,TX,https://www.mylivingchoice.com/property/a-better-way-home-health-services-llc,mylivingchoice,,https://www.facebook.com/a.better.way.home.services.llc
1972388999,ARIZONA LIGHTHOUSE ASSISTED LIVING LLC,GLENDALE,AZ,https://hospice.io/hospice/arizona-lighthouse-assisted-living-llc-glendale-az,Lighthouse Assisted Living,,https://www.facebook.com/LighthouseAssistedLiving
1972736783,"ARIZONA REHAB SPECIALISTS,PLLC",GILBERT,AZ,,Rehab Specialists Inc.,,https://www.facebook.com/rehabspecialistsinc
1659703098,ACCURATE SOLUTIONS LLC,FORT PIERCE,FL,https://accuratesolutions.net,"Accurate Solutions, LLC",,https://www.facebook.com/AccurateSolutionsLLC
1033469168,"ALBORADA HOME HEALTH OF TAMPA, INC",TAMPA,FL,,Alborada Home,,https://www.facebook.com/alborada.home.5
1437417300,5 STAR HOME HEALTH SERVICES LLC,CORSICANA,TX,,Star Home Healthcare,,https://www.facebook.com/starhomehealthcare
1336925940,A DIVINE HEALTH GROUP LLC,RICHMOND,TX,,Divine Home Care Agency,,https://www.facebook.com/divinehomecareagency
1003764176,ARIZONA FAMILY CARE NETWORK INC.,MESA,AZ,,arizonasfamily,,https://www.facebook.com/arizonasfamily
1639020522,GOLDEN LGX LLC,HOUSTON,TX,,Golden Home Healthcare,,https://www.facebook.com/goldenhcpa
1013148758,A LEGACY OF HOME HEALTH CARE SERVICES AND HOSPICE LLC.,TEXARKANA,TX,https://hospice.io/hospice/a-legacy-of-home-health-care-services-and-hospice-llc,Legacy Home Care Services,,https://www.facebook.com/LegacyHomeCareServicesInc
1902651672,ASAP WELLNESS INCORPORATED,SCOTTSDALE,AZ,https://phoenix-home-care.com/agencies/asap-wellness-incorporated,ASAP Wellness Center,,https://www.facebook.com/asapwellnesschicago
1669635652,HALLMARK HEALTHCARE LLC,BEDFORD,TX,,"Hallmark Healthcare, LLC",,https://www.facebook.com/hallmarkhealthcare
1265130827,AT HOME HEALERS LLC,PEORIA,AZ,,Home Healers LLC,,https://www.facebook.com/Myhomehealers
1952588717,"ASCENSION SENIOR CARE SERVICES, INC",TUCSON,AZ,,Ascension,,https://www.facebook.com/ascensionorg
1205884053,"ALL AROUND HOME HEALTH AGENCY, INC.",DORAL,FL,https://allaround.com,AllAroundContracting,,https://www.facebook.com/AAroundHomeServices
1205485950,KOINONOIA HOMES,RICHMOND,TX,,Koinonia Foster Homes,,https://www.facebook.com/koinoniafosterhomesnv
1255702106,ALL ABOUT QUALITY CARES COP,STUART,FL,,"All About Care, LLC",,https://www.facebook.com/allaboutcarellc.stl
1184471583,ANGELIC CARE HOME HEALTH LLC,DESOTO,TX,,"Angelic Care (@angelic.care) • Facebook, Connect with friends",,https://www.facebook.com/angelic.care
1811368640,ATLANTIS HOME HEALTHCARE HOLDING LLC,SURPRISE,AZ,,"Atlantis Holding (@atlantis.holding) • Facebook, Connect with ...",,https://www.facebook.com/atlantis.holding
1083551956,AM SUNSHINE HOME HEALTH LLC,BOYNTON BEACH,FL,https://amsunshine.com,Sunshine Homecare,,https://www.facebook.com/sunshine.homecare.2025
1699625715,AVIVA SPRINGS LLC,MESA,AZ,https://phoenix-home-care.com/agencies/aviva-springs-llc,"Aviva Springs (@aviva.springs) • Facebook, Connect with friends",,https://www.facebook.com/aviva.springs
1023966363,AVERRA HOMECARE LLC,PHOENIX,AZ,https://averrahomecare.com,people,,https://www.facebook.com/avahomecarellc
1750727715,"AVENTAS HOMECARE, LLC",TUCSON,AZ,https://aventashomehealth.com/contact,AventasHomeCare,,https://www.facebook.com/AventasHomeCare
1891123931,A-1 AFFINITY CARE LLC,HOUSTON,TX,,A-1 Affinity Care,,https://www.facebook.com/a1affinitycare
1497073324,"A-ONE HOLISTIC CARE, INC.",KATY,TX,,All One Holistic,,https://www.facebook.com/alloneholistichealth
1649286006,"AFFINITY HOME HEALTH, INC",TAMPA,FL,https://affinity.com,Affinity HomeCare,,https://www.facebook.com/affinityhomecarellc
1356111298,"A GIRL LIKE ME, INC",TALLAHASSEE,FL,https://agirllikeme.net,A Girl Like Me,,https://www.facebook.com/inspireagirllikeme
1881567055,AZ TRUE CARE II LLC,SCOTTSDALE,AZ,,TrueCare,,https://www.facebook.com/truecarecares
1578841268,ALEXAS HOME HEALTH,ODESSA,TX,,"Alexa's Home (@alexas.home.5) • Facebook, Connect with friends",,https://www.facebook.com/alexas.home.5
1083636112,"ALICE PRIMARY SERVICES, INC.",CORPUS CHRISTI,TX,,Alice Primary,,https://www.facebook.com/alice.primary
1871098780,"AMERICAN WONDER CARE SERVICES, INC.",DALLAS,TX,,WonderCare,,https://www.facebook.com/wondercarewcsd
1326440025,AAMANAR HEALTHCARE INC,SEALY,TX,,Aamanar Mutiara,,https://www.facebook.com/aamanar.mutiara
1003139296,AARONS LOVING ARMS PROVIDER SERVICE,SAN ANTONIO,TX,,Loving Arms Health Care Services,,https://www.facebook.com/LovingArmsHCS
1356675755,ASSURANCE HOME CARE SOLUTIONS LLC,GARLAND,TX,,Assurance Home Care Solutions,,https://www.facebook.com/assurancehomecaresolutions
1740242718,"ACCENTCARE HOME HEALTH OF CALIFORNIA, INC",EL CENTRO,CA,,California Home Care Referrals,,https://www.facebook.com/californiahomecarereferralagency
1518739358,AZ COMFORT HOME HEALTH CARE LLC,GLENDALE,AZ,,AZComfortHomeCare,,https://www.facebook.com/AZComfortHomeCare
1043375686,DYNA CARE ARIZONA LLC,GLENDALE,AZ,,Dynacare,,https://www.facebook.com/DynacareCanada
1194679514,"A GREAT LIFE HOME CARE, LLC",MATHIS,TX,,"GreatLife Home Care, LLC",,https://www.facebook.com/GreatLifeHomeCare
1740508647,"ALL FAMILY HOME HEALTH , INC.",TAMPA,FL,https://allfamily.org,All Family Home Health Care,,https://www.facebook.com/AllFamilyHomeHealthCare
1720752181,BEULAH HEALTH CARE PLLC,GILBERT,AZ,http://www.beulahhealth.org/home-health-care-services,beulah.healthcarepllc,,https://www.facebook.com/beulah.healthcarepllc
1871249342,A & C COMPASSIONATE CARE LLC,SACHSE,TX,,Compassionate Home Care LLC,,https://www.facebook.com/compassionatehomecareagencyllc
1407723489,A BEYOND HAVEN,KATY,TX,,Beyond Heaven Outdoors,,https://www.facebook.com/BeyondHeavenOutdoors
1740172543,BEST CONFIDENCE HOME HEALTH CARE LLC,PHOENIX,AZ,,Confidence Personal Homecare Services,,https://www.facebook.com/ConfidencePersonalhomecare
1245330109,A PLUS MEDICS SERVICES INC.,HOUSTON,TX,,A+ Medics,,https://www.facebook.com/aplusmedics
1245395706,A A SEASTONE HOME HEALTH CARE,DALLAS,TX,,SeaStone Homes BahamasSea and Stone,,https://www.facebook.com/seastoneshomeslimited
1689952913,"A SPECIAL HOME HEALTH, LLC",RIO GRANDE CITY,TX,,Special home care,,https://www.facebook.com/SpecialHomeCareCenter
1407744238,A HOPE AND A CARE HEALTH SERVICE,STAFFORD,TX,,Hope Health Care,,https://www.facebook.com/hopehealthcareus
1508685009,BLOSSOM HEALTHCARE LLC,PHOENIX,AZ,,BHC.BlossomHealthCare,,https://www.facebook.com/BHC.BlossomHealthCare
1669841540,HOLDING HANDS LLC DBA HOME HELPERS,SCOTTSDALE,AZ,https://holdinghands.com,Home Helpers Home Care,,https://www.facebook.com/HomeHelpersSeniorCare
1326583907,"BRIDGES HOME HEALTH, INC.",CHANDLER,AZ,,Bridges Home Healthcare,,https://www.facebook.com/bridgeshh
1669341426,"A1 CARE, LLC",DALLAS,TX,,Care.com,,https://www.facebook.com/caredotcom
1215709563,ACCURA HEALTH DFW 1 LLC,RICHARDSON,TX,,Accura HealthCare,,https://www.facebook.com/AccuraHealthCareLLC
1881819027,"ALL ABOUT HOME CARE, INC.",FORT MYERS,FL,,About You In Home Care,,https://www.facebook.com/AboutYouInHomeCare
1427295641,"ALL SERVICES HOME HEALTH AGENCY, INC.",MIAMI,FL,https://allserviceshha.com/about-miami-broward-home-health-agency,allserviceshha,,https://www.facebook.com/allserviceshha
1144548199,AAVO HEALTHCARE SERVICES LLC,HOUSTON,TX,,Aavo,,https://www.facebook.com/AavoApp
1316799901,BRIGHT BLOOM HEALTHCARE LLC,TEMPE,AZ,,bloombrighthva,,https://www.facebook.com/bloombrighthva
1124302658,99999999,ARLINGTON,TX,,999999999,,https://www.facebook.com/999999999music
1083578223,A ALMA HEALTHCARE,HOUSTON,TX,,ALMA Healthcare Services,,https://www.facebook.com/ALMAHealthCareServices
1033726641,SIEDZECARE LLC,HOUSTON,TX,https://houstonhomecare.org/agencies/siedzecare-llc,Siedzecare,,https://www.facebook.com/SiedzeCare
1437831757,PEACE AT HOME LLC,MIAMI,FL,https://www.peaceathomecare.com,Peace At Home,,https://www.facebook.com/PeaceAtHomeLLC
1578741781,"R.B.D. HOME HEALTHCARE SOLUTIONS, INC.",MIAMI,FL,,R&D Home Solutions,,https://www.facebook.com/rdhomesolutions
1750551990,"ALPHA AND OMEGA HEALTH CARE, CORP",MIAMI,FL,https://alphaomega.com,Alpha Healthcare Company,,https://www.facebook.com/alphahealthcarecompany
1255763207,"CARE CHOICES, INC",TUCSON,AZ,,HlthCareChoices,,https://www.facebook.com/HlthCareChoices
1003764689,"CEIVARA HEALTH, PLLC",SCOTTSDALE,AZ,,Cristian Ceivara,,https://www.facebook.com/cristian.ceivara
1730448598,5 STAR HOME HEALTH SERVICES LLC,CORSICANA,TX,,Star Home Healthcare,,https://www.facebook.com/starhomehealthcare
1013644400,"PATIENCE & FAITH HOME HEALTHCARE,LLC",ANNA,TX,,Faith & Patience,,https://www.facebook.com/faithandpatience.shop
1467462523,"2M HEALTHWATCH PROFESSIONALS, INC.",RICHARDSON,TX,https://healthwatchpro.com,"2M HealthWatch Professionals, INC.",,https://www.facebook.com/2mhealthwatchpro
1417194143,"AIVA-CARE, INC",WEST PALM BEACH,FL,,Aiva Home,,https://www.facebook.com/aivahomemaldives
1255163986,"CHOICE HOME HEALTH ARIZONA, LLC",SCOTTSDALE,AZ,https://phoenix-home-care.com/agencies/choice-home-health-arizona-llc,Choice Homecare,,https://www.facebook.com/choicehomecareottawa
1952337651,CENTERWELL CERTIFIED HEALTHCARE CORP.,TUCSON,AZ,https://feedam.org/resource/542853,feedamericaorg,,https://www.facebook.com/CenterWellCareers
1932575404,A RAY OF SUNSHINE PHYSICAL THERAPY LLC,BOCA RATON,FL,https://arspt.com,arskalispell,,https://www.facebook.com/reikibyarayofsunshine
1972496297,CHECK UP LLC,LAVEEN,AZ,,corporate.checkup,,https://www.facebook.com/corporate.checkup
1508252735,AMAZIN HANDZ'S HOMEMAKER COMPANION INC,OCOEE,FL,,The Homemaker's Companion,,https://www.facebook.com/HomemakersCompanion
1689489643,"COMFORT COVENANT HEALTH CARE, LLC",INDIANAPOLIS,IN,https://www.comfortcovenanthc.com/home-care-contact-us,ComfortCovenantHC,,https://www.facebook.com/ComfortCovenantHC
1730208240,CONCENTRIC HEALTHCARE SOLUTIONS,SCOTTSDALE,AZ,https://concentricsolutions.com,concentricsolutions,,https://www.facebook.com/ConcentricHealthcareStaffing
1205559440,DIVINE LIVING PERSONAL CARE LLC,LEAGUE CITY,TX,https://divineliving.com,Divine Living Personal Care LLC,,https://www.facebook.com/Divinelivingpersonalcare
1780714428,"FRONTLINE HEALTH SERVICES, INC.",EDINBURG,TX,https://frontline.com,Frontline Care Solutions,,https://www.facebook.com/FrontlineCareSolutions
1316117971,"ACCLAIM HOME CARE SERVICES, INC.",LAUDERHILL,FL,https://www.acclaimhomecareservices.com,AcclaimHCS,,https://www.facebook.com/AcclaimHCS
1306354550,CCS COMPLETE CARE SOLUTIONS LLC,NACOGDOCHES,TX,,Complete Home Care,,https://www.facebook.com/CompleteHomeCareNJ
1912585431,"EVVET, LLC",HOUSTON,TX,,Evvet Meil,,https://www.facebook.com/evvet.meil
1528624897,CIRCLES OFLIFE HOMECARE LLC,CHANDLER,AZ,,circlesofliferesidentialcare,,https://www.facebook.com/circlesofliferesidentialcare
1902144322,CR & RA INVESTMENTS LLC,TAMPA,FL,,CCR Investments LLC,,https://www.facebook.com/ccrinvestments
1972999100,"COPPER STATE HOME HEALTH, LLC",GLOBE,AZ,https://copperstate.net,CopperStateHomeco,,https://www.facebook.com/CopperStateHomeco
1316871478,BLUE OCEAN HOME HEALTHCARE LLC,WYLIE,TX,,Ocean Home Health care,,https://www.facebook.com/Oceanhomehealthcare
1477242816,"GRACEFUL PRIVATE CARE, LLC",DALLAS,TX,,"Gracefull Homes, LLC",,https://www.facebook.com/GracefullHomesLLC
1770121550,A & E HEALTHCARE SERVICES LLC,HOUSTON,TX,,ACE Services,,https://www.facebook.com/theaceservicesllc
1295526416,BESPOKE THERAPY LLC,KATY,TX,https://bespoketherapy.org,Bespoke Body Therapy,,https://www.facebook.com/bespokebodytherapy
1831375971,"ADELCARE II, INC",ORLANDO,FL,https://www.adelcare.com,AdelcareII,,https://www.facebook.com/Adelcare2inc
1154893931,"ADELCARE II, INC",ORLANDO,FL,https://www.adelcare.com,AdelcareII,,https://www.facebook.com/Adelcare2inc
1073790606,ADELCARE,ORLANDO,FL,https://adelcare.com,AdelcareII,,https://www.facebook.com/Adelcare2inc
1487944971,"AHHC ACUTE HOME HEALTH CARE, INC.",DALLAS,TX,,Acute Home Healthcare,,https://www.facebook.com/AcuteHomeHealthcare
1225781420,"D & S HOME CARE SERVICES, LLC",SCOTTSDALE,AZ,,D&S Home Care LLC,,https://www.facebook.com/DSHomeCareLLC
1720919970,HEARTS WITH A PURPOSE LLC,JACKSONVILLE,FL,,Created With A Purpose LLC,,https://www.facebook.com/Createdwithapurposellc
1710295787,ADVOCATE IN-HOME CARE,VERO BEACH,FL,https://advocateinhomecare.com/location/vero-beach,americaninhomecare,,https://www.facebook.com/AdvocateInHomeCare
1174271316,"A-1 FAMILY HOME HEALTH CARE, INC.",HOUSTON,TX,,All Family Home Health Care,,https://www.facebook.com/AllFamilyHomeHealthCare
1730506205,ADVANTA PLUS CARE INCORPORATED,ROSENBERG,TX,,AdvantaCare Services,,https://www.facebook.com/AdvantaCareServices
1306106166,"ABSOLUTE HOME COMPANIONS, INC",NEW SMYRNA BEACH,FL,,Companions Plus Home Care,,https://www.facebook.com/CompanionsPlus
1063784536,"ABELLA HOME CARE SERVICES, INC",ARLINGTON,TX,,Abella home inspection,,https://www.facebook.com/abellahomeinspection
1356228316,ABOUTYOU PERSONAL CARE LLC,PHOENIX,AZ,,AboutYouInHomeCare,,https://www.facebook.com/AboutYouInHomeCare
1861009359,A SERENE SERVICES LLC,JACKSONVILLE,FL,https://www.care.com/b/l/a-serene-services-llc/jacksonville-fl,caredotcom,,https://www.facebook.com/SerenePropertyServicesLLC
1659064731,"A BRIGHTER PLACE, LLC",SAN ANTONIO,TX,https://abrighterplacehhc.com,Brighter Home Services LLC,,https://www.facebook.com/brighter.home.services.llc
1669671939,"A CRESCENT HOME HEALTH, INC.",HOUSTON,TX,,Crescent Home Health,,https://www.facebook.com/CrescentHHA
1356586390,"A HUG AWAY, INC",KATY,TX,https://ahugaway.com,Home and Away Care,,https://www.facebook.com/homeandawaycare
1750868451,ALLCARE NURSING AT HOME INC.,MIAMI,FL,https://allcarenursing.com,Allcare,,https://www.facebook.com/AllCareHealthServices
1629622923,"ABOUT HEALTHCARE SERVICES OF TEXAS, INC",SUGAR LAND,TX,,About You In Home Care,,https://www.facebook.com/AboutYouInHomeCare
1427808500,ABSOLUTE BEST CARE LLC,FORNEY,TX,,AmeriBest Home Care: 1800- HOMECARE,,https://www.facebook.com/AmeriBest
1760331631,DESERT VALLEY HOME HEALTH INC,MESA,AZ,https://desertvalleyhh.com,Desert Valley Inc.,,https://www.facebook.com/desertvalleyinc
1992732267,ACUTE HEALTHCARE SERVICES INC,SUGAR LAND,TX,,Acute Medical Services LLC.,,https://www.facebook.com/Acutemedicalservices
1710723739,A BRIGHTER DAY HOME HEALTH CARE,RICHMOND,TX,https://abrighterday.net,A Brighter Day Homecare,,https://www.facebook.com/abrighterdayhomecaresanjose
1942313903,A P HOME HEALTH CARE SERVICES LLC,HOUSTON,TX,,AP Home-Healthcare,,https://www.facebook.com/ap.home.healthcare
1730531898,A GENTLE TOUCH HOMECARE LLC,DALLAS,TX,https://agentletouchhomecare.com,A-Gentle-Touch-Home-Care-INC-901303870079231,,https://www.facebook.com/gentletouchstg
1710238274,A R E HOME HEALTH SERVICES,HOUSTON,TX,,Advanced Home Health Houston,,https://www.facebook.com/AdvancedHomeHealthHouston
1326953985,A TRUE PATH CARE GROUP,KATY,TX,,True Path Collective,,https://www.facebook.com/truepathcollective
1831678218,"DIGNITY HEALTH AT HOME, LLC",CHANDLER,AZ,https://www.commonspirit.org/find-a-location/dignity-health-at-home-3845,commonspirithealth,,https://www.facebook.com/dignityhealth
1962883371,"A PLUS ALLIANCE HOME CARE AGENCY, LLC",TAMPA,FL,https://bisprofiles.com/fl/a-plus-alliance-home-care-agency-l16000018171,"A Plus Alliance Home Care Agency, LLC",,https://www.facebook.com/APlusAlliance
1861927196,"DJD HEALTHCARE, LLC",SCOTTSDALE,AZ,,djdhealthcare,,https://www.facebook.com/djdhealthcare
1992644496,A CARING TOUCH HOME HEALTHCARE LLC,HOUSTON,TX,https://acaringtouch.net,Caring Touch Home Care,,https://www.facebook.com/CaringTouchHome
1861052086,EDWARD SOMMER LLC,TUCSON,AZ,,"Edward Sommer (@edward.sommer) • Facebook, Connect with friends",,https://www.facebook.com/edward.sommer
1982159224,A MARVELOUS HOME COMMUNITY SUPPORT SERVICES,SEAGOVILLE,TX,,Marvelous Home Care,,https://www.facebook.com/marveloushomecare
1982997706,A TRENDY PERSONAL CARE INC.,DALLAS,TX,,Trendy Pakistan,,https://www.facebook.com/TrendyPersonalCare
1982620860,A FRIEND'S PLACE INC.,HOUSTON,TX,,"Friends Place Adult Day Services, Richardson",,https://www.facebook.com/FriendsPlaceRichardson
1174625685,A-QUALITY CLINICAL STAFFINGS INC.,BELLAIRE,TX,,Zeal Clinical Staffing,,https://www.facebook.com/zealclinicalstaffing
1245712447,AA HOUSE CALLS MEDICAL GROUP,HOUSTON,TX,,HouseCalls HomeCare,,https://www.facebook.com/HouseCallshc
1740423193,A TIME TO HEAL HEALTH CARE SERVICES LLC,ROWLETT,TX,https://atimetoheal.com,Time to Heal - Integrative Holistic Medical Spa,,https://www.facebook.com/time.to.heal
1780454694,ELITE HEALTH HOME CARE LLC,GILBERT,AZ,,EliteCDPAP,,https://www.facebook.com/EliteCDPAP
1700013588,A DOSE OF CARE HOME HEALTH INC.,ALICE,TX,https://adoseofcarehomehealth.com,Dose,,https://www.facebook.com/dosedaily.co
1740808567,ENERGY EMPLOYEE HEALTHCARE,TUCSON,AZ,,"Energy Employee Services, LLC",,https://www.facebook.com/energyemployeeservices
1255560744,"A B FINANCIAL INVESTMENTS, L.L.C.",HARLINGEN,TX,,MacKinstry Financial & Investments,,https://www.facebook.com/mackinstryfinancialandinvestments
1174022115,AAMANI HEALTH & COMMUNITY SERVICES INC.,HOUSTON,TX,,Aamani Behavioral Health,,https://www.facebook.com/Aamanibehavior.health
1033533914,A1 QUEEN SANCHEZ HOME HEALTH,DENTON,TX,https://hospice.io/hospice/a1-queen-sanchez-home-health-denton-tx,Queen Sanchez,,https://www.facebook.com/queen.sanchez.121
1104885870,"A FAMILIAR FACE HOME HEALTH SERVICES, INC.",SARASOTA,FL,https://www.wellness.com/dir/6407981/home-care/fl/sarasota/a-familiar-face-home-,wellness.com,,https://www.facebook.com/123afamiliarface
1962093575,ENTIRE SLEEP SOLUTIONS LLC,GILBERT,AZ,,entiresleepsolutions,,https://www.facebook.com/entiresleepsolutions
1275761322,"ALEPH HOMECARE SERVICES, LLC",ARLINGTON,TX,,Aleph Home Care and Day Center of Southern New JerseyAleph Home Care and Day Cen,,https://www.facebook.com/alephsnj
1396257218,"A BRIGHTER DAY 365, L.L.C.",GRAND ISLAND,FL,,Brighter Home Services LLC,,https://www.facebook.com/brighter.home.services.llc
1609934900,"ALHC OF AMARILLO, INC.",AMARILLO,TX,,HF&C Feeds Amarillo,,https://www.facebook.com/HFandCAmarillo
1700040078,FAMILY TREE HEALTHCARE,TEMPE,AZ,,Family Tree Private Care,,https://www.facebook.com/familytreeprivatecare
1952239238,EXCEL HOME CARE LLC,PEORIA,AZ,,"Excel Home Care Nursing Services, LLC",,https://www.facebook.com/excelhomecarenursing
1194707778,"F.C. OF ARIZONA, INC.",TUCSON,AZ,,FC Arizona,,https://www.facebook.com/FCArizonaSoccer
1528859485,A BEAUTIFUL HOME CARE LLC,HARLINGEN,TX,,"A Beautiful Purpose Home Care, LLC",,https://www.facebook.com/ABeautifulPurposeHomeCare
1679844344,AANGELS QUALITY HEALTH SERVICES,SAN ANTONIO,TX,,Aangels,,https://www.facebook.com/aangels.aangels
1942019492,ARCHE HOME CARE LLC,HOUSTON,TX,https://houstonhomecare.org/agencies/arche-home-care-llc,Zhane Archer,,https://www.facebook.com/zhane.archer
1497056352,FELICITY HOME CARE LLC,TUCSON,AZ,https://www.wellness.com/dir/6434716/home-care/az/tucson/felicity-home-care-of-t,wellness.com,,https://www.facebook.com/felicitycareofficial
1396607412,ALLURE HOME HEALTH LLC,BEDFORD,TX,,Allure Home Care,,https://www.facebook.com/AllureHC
1548475742,FAMILY PARTNERS,PEORIA,AZ,,FamilyPartnersAZ,,https://www.facebook.com/FamilyPartnersAZ
1831808252,FAITH HOMECARE,PHOENIX,AZ,,faithcareus,,https://www.facebook.com/faithcareus
1881357267,3C PEDIATRICS HEALING SERVICES LLC,MANVEL,TX,https://consultatlas.org/ai-trust/home-health-care/3c-pediatrics-healing-service,consultatlas.org,,https://www.facebook.com/healingcarepedstx
1255665907,"FOUNDERS HEALTHCARE, LLC",DALLAS,TX,,Founders Healthcare,,https://www.facebook.com/foundershm
1437697612,"FOLEY-PIERCE, LLC",SCOTTSDALE,AZ,,Pierce Foley,,https://www.facebook.com/pierce.foley.737
1629691548,"316 PEDIATRIC HOME HEALTHCARE, LLC",WEATHERFORD,TX,,Pediatric Home Healthcare,,https://www.facebook.com/teamselectpediatrichomehealthcare
1518291269,"FOUNDERS HEALTHCARE, LLC.",HOUSTON,TX,,Founders Healthcare,,https://www.facebook.com/foundershm
1760021836,A BRIGHTSTART SERVICES INC,MANSFIELD,TX,https://www.abrightstartservicesinc.com,Brightstar-HOME-Healthcare-INC-102205061348306,,https://www.facebook.com/brightstart.net
1518562693,"FREE SPIRIT HOME HEALTH, INC.",PHOENIX,AZ,https://freespirit.com,tcmpub,,https://www.facebook.com/free.spirit.home.2025
1851028484,BLESSED HOME HEALTH CARE INC,FORT WORTH,TX,https://www.carexroads.com/united-states/fort-worth/home-health-care/blessed-hom,carexroads,,https://www.facebook.com/blessedhfhhc
1184467995,CEREGEN HEALTH LLC,CYPRESS,TX,https://houstonhomecare.org/agencies/ceregen-health-llc,Ceregen,,https://www.facebook.com/ceregen.ceregen
1760671341,BONYL HEALTHCARE SERVICES INC,FARMERS BRANCH,TX,https://bonylhealthcare.com,Bonyl Palacios Paredes,,https://www.facebook.com/BonyLconstruc
1649648270,FORTUNEWORKS LLC,PHOENIX,AZ,,fortuneworks.trading,,https://www.facebook.com/fortuneworks.trading
1922883347,ABOVE & BEYOND PERSONAL CARE,HUMBLE,TX,https://abovebeyond.org,AboveBeyondTeaching,,https://www.facebook.com/AboveAndBeyondPc2
1437484714,A ANOINTED HOME HEALTHCARE,HOUSTON,TX,,Anointed Home Health Care,,https://www.facebook.com/anointedhomehealthcare
1023876133,FREEDOM CARE OF ARIZONA LLC,PHOENIX,AZ,https://freedomarizona.org,Freedom Care - Arizona,,https://www.facebook.com/freedomcarearizona
1649053398,A NURSE'S TOUCH HOME HEALTH LLC,HOUSTON,TX,https://local.yahoo.com/info-234775676-a-nurse-s-touch-home-health-llc-houston/;,yahoo,,https://www.facebook.com/nursestouchhomehealth
1649723016,ABIZ CARE LLC,VENUS,TX,,"An Biz (@Abizcare) • Facebook, Connect with friends",,https://www.facebook.com/Abizcare
1336896190,"FREEDOM HOME HEALTH, LLC",GILBERT,AZ,,775Freedomhh,,https://www.facebook.com/775Freedomhh
1013100452,"GLENBO, LLC",PHOENIX,AZ,,Glenbo,,https://www.facebook.com/glenbo.glenbo
1992662498,FAITHFUL KINGDOM,DESOTO,TX,,Faithful Kingdom Faith,,https://www.facebook.com/faithful.kingdom
1497997506,ABOVE AND BEYOND HOMEHEALTHCARE,CRANE,TX,https://abovebeyond.org,AboveBeyondTeaching,,https://www.facebook.com/AboveBeyondHomeHealthCareServices
1285171314,ACORN KIDS HEALTHCARE,HOUSTON,TX,https://acornkids.com,acornkids,,https://www.facebook.com/acornhealthABA.
1215459193,GRACE HOMESTEAD LLC,COLLEYVILLE,TX,,Grace Healthkare,,https://www.facebook.com/gracehomesteadllc
1366164600,GREENSTAFF MEDICAL HOME CARE LLC,PHOENIX,AZ,https://greenstaffmedical.com,greenstaffmedical,,https://www.facebook.com/greenstaffushomecare
1689119158,"FOREMOST HEALTHCARE SERVICES, LLC",MCALLEN,TX,https://www.boomershub.com/home-care/texas/mcallen/foremost-healthcare-services,boomershub,,https://www.facebook.com/MYFOREMOSTHEALTHCARE
1932925229,A-G INCREDIBLE CARE LLC,HOUSTON,TX,https://houstonhomecare.org/agencies/ag-incredible-care-llc,Incredible Care,,https://www.facebook.com/IncredibleCareAus
1992617344,"ABUNDANCE HOME CARE, LLC",GEORGETOWN,TX,https://abundance.org,AbundanceFoundation,,https://www.facebook.com/abundancehomecare4u
1629184767,ADMINISTRATIVE MEDICAL ASSOCIATES INC.,BRENHAM,TX,,Key Administrative-Associates (@keyadministrative),,https://www.facebook.com/keyadministrative
1316824741,ADVANCE HOME HEALTHCARE LLC,FOREST HILL,TX,,FacebookAdvanced Home Health Solutions,,https://www.facebook.com/advancehomehealthcare
1780796169,"ABILENE HOME HEALTH PROFESSIONAL CARE, INC.",ABILENE,TX,,Home Helpers Home Care,,https://www.facebook.com/HomeHelpersHomeCareAbileneTX
1215757976,GUARDIAN ANGELS HOME HEALTH LLC,MESA,AZ,https://guardianangels.org,guardianangelshomehealthandhospice,,https://www.facebook.com/guardianangelshomehealthandhospice
1104382738,"ABRAZOS DE JESUS HEALTHCARE, LLC",HARLINGEN,TX,,Abrazos de Esperanzas - Podcast,,https://www.facebook.com/abrazosdeesperanzas
1073364287,ADAPT & GO THERAPY,HOUSTON,TX,https://orthopedic.io/physio-clinic/adapt-go-therapy-houston-tx,Adapt Physical Therapy,,https://www.facebook.com/adaptinhome
1548048176,AMAZING GRACE ARIZONA FOUNDATION,PHOENIX,AZ,https://www.medicarelist.com/mental-health/amazing-grace-arizona-foundation-phoe,Amazing Grace Az Foundation,,https://www.facebook.com/amazinggraceaz
1770283632,ADLAD HOME CARE LLC,RICHMOND,TX,,AdLad,,https://www.facebook.com/AdLadglobal
1851933238,HEAVENLY HOME CARE,HUTTO,TX,,Heavenly Home Care,,https://www.facebook.com/HeavenlyHomeCare
1790893352,"HERITAGE HOME HEALTH CARE OF ARIZONA, INC.",TUCSON,AZ,,Heritage Health Care,,https://www.facebook.com/HeritageHealthCareHome
1154611879,"HERITAGE HEALTH INVESTORS 2, LLC",SCOTTSDALE,AZ,,Heritage Health,,https://www.facebook.com/heritagehealthclinic
1619506078,AMAZING AMITY HOMECARE AGENCY CORPORATION,FORNEY,TX,https://opencorporates.com/companies/us_tx/0803583961,Amity Homecare,,https://www.facebook.com/amity.homecare.5
1154987246,"RITAID & YOU, INC.",GAINESVILLE,FL,,Abu Ritaid,,https://www.facebook.com/abu.ritaid
1871317909,AAMA HOME HEALTH CARE LLC,CELINA,TX,https://aamahomehealth.com,"Aama Care (@aama.care) • Facebook, Connect with friends",,https://www.facebook.com/aama.care
1386786234,"ABUNDANT LIFE HOME HEALTH, INC.",BROWNSVILLE,TX,https://www.alhhinc.com,Abundant Life Home Health Agency,,https://www.facebook.com/AbundantLifeHHA
1528791449,ACCESS UNLIMITED LLC,ARLINGTON,TX,https://www.accessunlimitedllc.com/home,Unlimited Home Care,,https://www.facebook.com/unlimitedhomecare.fb
1700629102,ABLEMINDS HEALTHCARE,PHOENIX,AZ,,ableminds,,https://www.facebook.com/ableminds
1720777360,ALIGN HEALTH CARE SERVICES LLC,TEXAS CITY,TX,https://houstonhomecare.org/agencies/align-health-care-services-llc,ALIGN Healthcare Services LLC,,https://www.facebook.com/align22
1053028548,BECAUSE WE CARE COMMUNITY FOUNDATION,HOUSTON,TX,,Because We Care Foundation,,https://www.facebook.com/becausewecarefoundationofthesouth
1952890451,CHARMINGHEARTS HEALTH CARE LLC,SPRING,TX,,Charming Hearts Childcare (@Charmingheartschildcare ...,,https://www.facebook.com/Charmingheartschildcare
1114328416,DESTINATION LIFE LLC,ARLINGTON,TX,,Destination Travelcare,,https://www.facebook.com/destinationtravelcare
1861522260,"FIRST CHOICE CBA SERVICES, INC.",EDINBURG,TX,,"First Choice Services, INC",,https://www.facebook.com/FirstChoiceServicesInc
1760827695,DYNAMIC HEALTHCARE INC,STAFFORD,TX,,Dynamic Healthcare Inc,,https://www.facebook.com/DynamicHealthcareinc
1619191822,HOME HEALTH CARE SERVICES LLC,TEMPE,AZ,,chosenhomecare,,https://www.facebook.com/chosenhomecare
1306570098,HOPE PATHWAY HOME HEALTH LLC,GREEN VALLEY,AZ,,HOPE Home Health Care,,https://www.facebook.com/hopehomehealthcareservice
1922783281,THE GABRIEL EXPERIENCE,KILLEEN,TX,,Gabriel Homes,,https://www.facebook.com/GabrielHomesInc
1669214755,VALLEY OF HOPE HEALTHCARE SERVICES LLC,ROCKWALL,TX,,Valley Hope,,https://www.facebook.com/ValleyHopeAssociation
1114221272,HOOFBEATS WITH HEART,SAN TAN VALLEY,AZ,,Hoofbeats with Heart,,https://www.facebook.com/HoofbeatsWithHeart
1346000973,ACCLAIMED DIVINE HOMEHEALTH SERVICES LLC,RICHMOND,TX,https://houstonhomecare.org/agencies/acclaimed-divine-homehealth-services-llc,Divine Home Care,,https://www.facebook.com/HomeHealthCarebyDivine
1093096117,"ACQUIRE HOME HEALTH, LLC",STAFFORD,TX,,Acquire LLC,,https://www.facebook.com/acquirellc
1912391640,"HOMEASSIST HEALTH, INC",PHOENIX,AZ,https://phoenix-home-care.com/agencies/homeassist-health-inc,homeassisthealth,,https://www.facebook.com/homeassisthealth
1447332770,ADVANCE HEALTH CARE,DUNCANVILLE,TX,https://advancehc.com/index.html,Advance Health Care International,,https://www.facebook.com/AdvanceHealthCareInternational
1306479563,A PATIENT'S CHOICE HOME HEALTH LLC,PORT ST LUCIE,FL,,Patients' Choice Home Healthcare,,https://www.facebook.com/PatientsChoiceHomeHealthcare
1467106716,A MOTHER'S TOUCH HOME CARE LLC,TAMPA,FL,https://1amt.com/about-us,A Mothers Touch Home Care Services,,https://www.facebook.com/AMothersTouchHCS
1548198583,CANDOR LIVING,HOUSTON,TX,,Candor Living,,https://www.facebook.com/candor.living
1851060578,GOD'S HANDIWORK LLC,TYLER,TX,,God's Handiwork,,https://www.facebook.com/GodsHandiwork10
1730646860,A DEVINE LOVING CARE INC,ST PETERSBURG,FL,https://www.care.com/b/l/a-devine-loving-care-inc/saint-petersburg-fl,caredotcom,,https://www.facebook.com/devinecarenursinghome
1952788309,ACCOLADE HEALTH CARE SERVICES LLC,ORLANDO,FL,https://accolade.com,Accolade HealthCare Services,,https://www.facebook.com/accoladehcs1
1437303757,A-SUPERIOR HOME HEALTH AGENCY INC.,MIAMI,FL,,"Superior Health, Inc.",,https://www.facebook.com/superiorhealth
1003083098,ADAPTIVE HOME CARE INC.,FRESNO,TX,https://www.adaptivehh.com,Adaptive Homecare,,https://www.facebook.com/AdaptiveHC
1578227674,A GUIDING HAND LLC,TALLAHASSEE,FL,,A Guiding Hand,,https://www.facebook.com/AGuidingHand
1073384202,HOPES PROVIDING TOUCH LLC,RIVIERA BEACH,FL,,Higher Hopes,,https://www.facebook.com/higherhopesdetroit
1457996928,A GENTLE TOUCH HOME HEALTH CARE LLC,WILDWOOD,FL,https://agentletouch.org,A Gentle Touch Home Health Care,,https://www.facebook.com/agentletouchhhc
1922921659,"JUST LIKE YOUR HOME, INC.",JACKSONVILLE,FL,,Just Like Home Daycare,,https://www.facebook.com/likehomedaycare2
1669663464,"ALPHA HOME HEALTH AGENCY, CORP.",MIAMI,FL,,"Alpha Home Health Agency, LLC",,https://www.facebook.com/AlphaHomeHealthAgency
1568101921,3 HEARTS GROUP HOME,PORT ST LUCIE,FL,,Our Hearts Home Care & Staffing LLC,,https://www.facebook.com/ourheartshomecare
1598614463,A STAR ABOVE SENIOR HOME CARE INC.,VERO BEACH,FL,https://bisprofiles.com/fl/a-star-above-senior-home-care-p25000066565,A Star Above Cleaning,,https://www.facebook.com/astarabovecleaning
1467122879,ABSOLUTE ESSENTIAL SERVICES LLC,JACKSONVILLE,FL,https://absoluteessential.com,absoluteessential,,https://www.facebook.com/absoluteessential
1104260694,ABSOLUTE COMFORT HEALTH CARE SERVICES LLC,HOUSTON,TX,https://absolutecomfort.com,ACS Absolute Comfort Heating and Cooling,,https://www.facebook.com/acsabsolutecomfort
1407513336,ACCLAIMED ANGELIC HEALTHCARE SERVICES INC.,RICHMOND,TX,https://hospice.io/hospice/acclaimed-angelic-healthcare-services-inc-richmond-tx,Angelic Healthcare,,https://www.facebook.com/angelic.healthcare.92
1114760246,5TH ESSENTIALS LLC,JACKSONVILLE,FL,https://5thessentials.org,5th Essentials LLC,,https://www.facebook.com/5thessentials11
1922898154,ABOUTYOU HEALTHCARE,PHOENIX,AZ,,Care Aboutyou,,https://www.facebook.com/care.aboutyou.9
1407424203,"WAY MAKER ADULT CARE SERVICES,LLC",TAMPA,FL,,"Waymaker Services, PLLC",,https://www.facebook.com/waymakerservicespllc
1225688252,ALWAYS THERE BROWNS SUPPORT SERVICES,BELLEVIEW,FL,,Always There Support Program,,https://www.facebook.com/AlwaysThereSupportProgram
1457228850,"ALIGNED EMPLOYMENT RESOURCES, LLC",ORLANDO,FL,,Aligned Educational Resources,,https://www.facebook.com/ALIGNEDCURRICULUM
1871812859,ABOVE AND BEYOND HABILITATION SERVICES,TALLAHASSEE,FL,https://abovebeyond.org,AboveBeyondTeaching,,https://www.facebook.com/AboveandBeyondSupportedLivingLLC
1679971451,ACCURATE CARE HOME HEALTH LLC,OLDSMAR,FL,https://accurate.com,Accurate Home Care,,https://www.facebook.com/AccurateHomeCare11
1083078026,"ACTIVE THERAPY, INC.",MIAMI,FL,https://activetherapy.com,DomainMarketCom,,https://www.facebook.com/activetherapysystems
1457292179,"ADONAI HOMECARE, LLC",BOYNTON BEACH,FL,https://bisprofiles.com/fl/adonai-homecare-l21000236901,Adonai Home Care,,https://www.facebook.com/adonaihomecare
1780489930,AICARE HEALTH,LAKE PARK,FL,,AICare Health,,https://www.facebook.com/aicarehealthvn
1356909824,ALWAYS HERE HOME CARE OF BREVARD,ROCKLEDGE,FL,https://alwayshere.net,"Always There Home Care, LLC",,https://www.facebook.com/AlwaysThereCareLLC
1386059632,AFFORDABLE PROFESSIONAL CAREGIVERS,HOUSTON,TX,https://hospice.io/hospice/affordable-professional-caregivers-houston-tx,Affordable Home Caregivers,,https://www.facebook.com/AffordableHomeCaregivers
1427199686,"AGAPE HOME SERVICES, INC",JACKSONVILLE,FL,,Agape Home Services,,https://www.facebook.com/agapeservicescorp
1073348132,ALTRUIST CARING HAND HOME SERVICE LLC,KISSIMMEE,FL,,A Caring Hand Services,,https://www.facebook.com/acaringhandservices
1407551476,ANGELA MOORE,WINTER HAVEN,FL,,Angela Moore,,https://www.facebook.com/comedianangela.moore
1255005054,"ARISE HEALTHCARE NURSE REGISTRY, INC.",BOYNTON BEACH,FL,,Arise Healthcare (@arise.healthcare),,https://www.facebook.com/arisehealthcare
1992262851,ARMS OF JESUS,SUMMERFIELD,FL,,Safe In His Arms,,https://www.facebook.com/angeldelaniesafeinhisarms
1275483125,AROSE HEALTHCARE AGENCY OF FLORIDA LLC,CLEARWATER,FL,,Arose Home,,https://www.facebook.com/arose.home
1881820512,"ANNETTE M. WELLINGTON-HALL, INC",HOLLYWOOD,FL,https://ourseniors.net/services/united-states/florida/hollywood/home-care/annett,ourseniors.net,,https://www.facebook.com/ToniaJoHall
1497462873,AMIRAH HEALTHCARE LLC,JACKSONVILLE,FL,https://thecaregivinghub.com/company-profile/32225/amirah-healthcare-llc-00342,TheCaregivingHub,,https://www.facebook.com/TheAmirahJ
1063303790,AMITY HEALTH GROUP LLC,BOCA RATON,FL,,Amity Home Care Services,,https://www.facebook.com/AmityHCP
1336206838,AFFORDABLE ELDER CARE,DALLAS,TX,https://dallashomecare.org/agencies/affordable-elder-care-inc,Affordable Elderly Care and Foster Homes / group homes,,https://www.facebook.com/Elpasoelderlyaffordablecare
1659246312,ANOINTED TOUCH  COMPANION,APOPKA,FL,,Anointed Helpers Home Care,,https://www.facebook.com/anointedhelpershomecare
1063057065,ANGEL LOVE HOME CAREGIVERS,SUN CITY CENTER,FL,,"Angel Love, Angel Care",,https://www.facebook.com/AngelLoveAngelCare
1700443215,ANOINTED ELDER CONCIERGE H C SERVICES LLC,ST PETERSBURG,FL,,Anointed Elder Concierge,,https://www.facebook.com/anointedelder.concierge
1598376170,"APOLLO HEALTHCARE, LLC",PALM BEACH GARDENS,FL,,Apollo Healthcare,,https://www.facebook.com/apollohealthcareusa
1649914029,"ANGEL STEPS HOME HEALTH CARE SERVICES, LLC",HOMESTEAD,FL,,Angel Steps,,https://www.facebook.com/Angels-Steps...
1437045069,ANGELS DO EXIST HOME CARE,SAINT PETERSBURG,FL,,Exist Media,,https://www.facebook.com/existmediacompany
1417627316,GRACED HELPING HANDS LLC,TAMPA,FL,,Graced1 Health,,https://www.facebook.com/MkaryeGraced
1396617601,"BEACON HOME CARE, LLC",SARASOTA,FL,https://www.beacon4care.com,Beacon Home Care,,https://www.facebook.com/beaconhomecare.fb
1982399051,BLESSED CARE HOME HEALTH LLC,MIAMI LAKES,FL,,Blessed Care at Home,,https://www.facebook.com/blessedcareathome
1871435982,BETTER HANDS HOME CARE LLC,PALM SPRINGS,FL,https://betterhands.org,betterhandscare,,https://www.facebook.com/betterhandstex
1871710400,"ALFRED HEALTHCARE SERVICES, INC",DESOTO,TX,https://dallashomecare.org/agencies/alfred-healthcare-services-inc,"Alfred Home Healthcare Services, Inc.",,https://www.facebook.com/alfredhealthcareserv
1215746870,BE A BLESSING SERVICES HOME CARE LLC,TAMPA,FL,https://bisprofiles.com/fl/be-a-blessing-services-home-care-l23000379202,Blessing Home Care Inc.,,https://www.facebook.com/blessinghomecareinc
1770452955,AVAIL HEALTH AND BEHAVIORAL SOLUTIONS,TALLAHASSEE,FL,,Avail Health and Behavioral Solutions,,https://www.facebook.com/Availhealth
1164396180,BEYOND YOUR CARE,ORANGE PARK,FL,,Beyond Care Home Health Support,,https://www.facebook.com/Beyondcarehomehealth
1215516760,HOME CLINIC LABS LLC,MIAMI,FL,,Home Clinic,,https://www.facebook.com/homeclinic.eg
1184364804,AVEC AMOUR HOMECARE LLC,WINDERMERE,FL,,"Avec Amour (@avec.amour) • Facebook, Connect with friends",,https://www.facebook.com/avec.amour
1114479169,CARE FOR AMERICA CORP,SARASOTA,FL,,Health Care for America Now,,https://www.facebook.com/HealthcareOverWealthcare
1457083321,"BY CARING HANDS, LLC",TAMPA,FL,https://bycaringhands.com,CaringHandsMassageSpa,,https://www.facebook.com/caringhandsppec
1174125652,BROWN'S BLESSED CARE INC,APOPKA,FL,,Brown's Blessed Care Inc.,,https://www.facebook.com/BrownsBlessedCare
1902179302,"AEGIS HOMECARE, INC",MESA,AZ,https://myaegis.com/contact,MyAegisAZ,,https://www.facebook.com/AegisHomeCareCo
1568844181,BANNER HOME CARE-ARIZONA,PHOENIX,AZ,https://hospice.io/hospice/banner-home-care-arizona-phoenix-az,BannerHomeCareTucson575ERiverRd,,https://www.facebook.com/BannerHomeCareTucson575ERiverRd
1063064459,BOIDE'S HOME CARE AND AGENCY,TAMPA,FL,,"Boides Ece (@Boidesss) • Facebook, Connect with friends",,https://www.facebook.com/Boidesss
1811739733,ADEKS HEALTH SERVICES INC,KATY,TX,,Robert Adeks,,https://www.facebook.com/robert.adeks
1750686168,BRES HEALING HEARTS INC,ORLANDO,FL,,Blended Hearts Inc,,https://www.facebook.com/blendedheartsinc
1205797743,CAPITAL CITY OASIS HOME CARE LLC,TALLAHASSEE,FL,,Capital City Oasis Home Care,,https://www.facebook.com/Capitalcityhomecare
1255876678,CAMILLA'S TOUCH,FORT PIERCE,FL,,Camillas Hara,,https://www.facebook.com/camillashara
1689559726,BRIGHTSTAR FAMILY GROUP LLC,SUNRISE,FL,,BrightStar Care,,https://www.facebook.com/brightstarcare
1194913129,"LA CARIDAD HOME CARE SERVICES, INC",MIAMI,FL,,Caridad - Home Care Services,,https://www.facebook.com/CaridadHomeCareServices
1932889672,COMFORT HEALING HOMECARE LLC,ST PETERSBURG,FL,https://www.comforthealinghc.com,"Healing Care Therapy Services, LLC",,https://www.facebook.com/HealingCareTherapy
1528544871,CARMEN CARE SERVICE LLC,CASSELBERRY,FL,,Carmen Home,,https://www.facebook.com/carmen.home
1194442962,"COMMUNITY RESOURCE NETWORK OF FLORIDA, LLC",FORT MYERS,FL,,Senior Resource Network,,https://www.facebook.com/SeniorResourceNetworks
1396312054,"CENTRAL FLORIDA CARE GROUP, INC.",LAKE WALES,FL,https://www.cfcaregroup.com/about-us,cfcaregroup,,https://www.facebook.com/centralhome.care
1396719589,"CHEBON ENTERPRISES, INC.",ST PETERSBURG,FL,,Chebon Anderson,,https://www.facebook.com/chebon.anderson
1154038487,CARING HANDS OF AMERICA,ORLANDO,FL,https://caringhands.com,Caring Hands Outreach - Thrift Store & Food PantryHelping Hands And Caring Heart,,https://www.facebook.com/CaringHandsThriftStore
1710416136,"ACCENTCARE UCLA HEALTH, LLC",WEST HILLS,CA,,UCLA CARE Program,,https://www.facebook.com/uclacareprogram
1861049967,ACA WELLNESS INSTITUTE,SCOTTSDALE,AZ,https://www.boomershub.com/home-care/arizona/scottsdale/aca-wellness-institute,boomershub,,https://www.facebook.com/DreamWellnessInstitute
1174305858,ABDI'S HEALTHCARE CORP,FORT WORTH,TX,,Abdis,,https://www.facebook.com/AbdisPlast
1750964540,CASTILLO HELPING HANDS,ZOLFO SPRINGS,FL,,Del Castillo Home & Lawn Services 386-566-2629,,https://www.facebook.com/DelCastilloHL
1902521925,CLOUDS HOME CARE LLC,LAND O LAKES,FL,,Clouds Home,,https://www.facebook.com/clouds.home.993433
1043990880,CHALEAH& CHARLOTTE HOME HEALTH SERVICES,JACKSONVILLE,FL,,Chaleah Myrick,,https://www.facebook.com/chaleah.myrick.39
1912666462,DIVINE HUMANITY HOMECARE LLC.,JACKSONVILLE,FL,https://divinehumanityhomecare.com,Divine Home Care,,https://www.facebook.com/HomeHealthCarebyDivine
1447142385,"CORREA ACCOUNTING, INMIGRATION AND TRAVEL AGENCY LLC",OPA LOCKA,FL,https://retail.vikke.eu/florida/opalocka/correa-accounting-inmigration-and-trave,Correa Aaccounting: Inmigration and Travel Agency LLC,,https://www.facebook.com/correaaccountingagency
1538958590,DEVINE HAND CREATIONS,BOYNTON BEACH,FL,,Devine Creations - Handmade,,https://www.facebook.com/devinecreationshandmade
1740859438,A BENEVOLENT TOUCH LLC,SAINT PETERSBURG,FL,,"Benevolent Home Health Care, LLC",,https://www.facebook.com/benevolenthhc
1649800723,DIVINE CHOICE HOME HEALTH AGENCY,DELAND,FL,https://divinechoice.org,"Divine Choice Home Health Agency ""LLC""",,https://www.facebook.com/divinechoicehha
1699618769,CONSIDERATE CARE PROVIDERS LLC,DADE CITY,FL,,Considerate Contracting,,https://www.facebook.com/ConsiderateContracting
1780564344,D & H RELIABLE IN HOME CARE LLC,PALM BAY,FL,,Reliable Home Care,,https://www.facebook.com/reliablecareny
1740821206,"COVADONGA CARE SERVICES, INC.",HIALEAH,FL,,Hospital Covadonga Veracruz,,https://www.facebook.com/hospitalcovadongaver
1871350116,COMPASSION CARE ASSIST LLC,PINELLAS PARK,FL,,Compassion Care Inc.,,https://www.facebook.com/compassioncareinc
1700277696,"CUSTOMER SOLUTIONS FIRST, LLC",FORT MYERS,FL,,Customer Solutions LLC,,https://www.facebook.com/customer.solutions.llc
1912838624,DELLA'S COMPASSION CARE  LLC,APOLLO BEACH,FL,,Compassion and Care Counseling Services LLC,,https://www.facebook.com/compassioncarecounselingservicesllc
1811623572,EDWARDS FAMILY CARE CENTER INC.,MIAMI GARDENS,FL,https://www.medicarelist.com/mental-health/edwards-family-care-center-inc-miami-,"Family Care Center, PLLC",,https://www.facebook.com/familycarecenterPLLC
1376489344,DREAM CHASERS2,DELTONA,FL,,DreamChasers,,https://www.facebook.com/dreamchasers.npo
1134821499,ETERNITY HELPING HAND INC,JACKSONVILLE,FL,,Helping Hands Global Inc.,,https://www.facebook.com/HelpingHandsGlobalInc
1861358939,E1T1,MONTICELLO,FL,https://e1t1.online,E1T1 Community Network for Professional Development,,https://www.facebook.com/E1T1forPD
1235797333,ANGELS AT HOME CARE LLC,TAMPA,FL,https://www.wellness.com/dir/6403192/home-care/fl/tampa/angels-at-home-care-llc,wellness.com,,https://www.facebook.com/AngelsatHomeLLC
1154114213,DOVEZ NEST HOME LLC,SAINT AUGUSTINE,FL,https://doveznesthome.com,"Profile for Nest Homes, LLC",,https://www.facebook.com/nesthomesllc
1548983190,FAITHFUL LOVING & CARE INC,ORLANDO,FL,,Faithful Friendships Inc.,,https://www.facebook.com/FAITHFULFRIENDSHIPSINC
1285582692,FENELUS GROUP CARE FACILITY LLC,ORLANDO,FL,,"Carole Fenelus (@carole.fenelus) • Facebook, Connect with friends",,https://www.facebook.com/carole.fenelus
1003600990,"BRIGHT CARE MULTISERVICES, INC",MIAMI,FL,https://www.medicarelist.com/mental-health/bright-care-multiservices-inc-miami-f,Bright Care services,,https://www.facebook.com/BrightCarerServices
1780525139,FRANCE HOME CARE AND TRANSPORTATION  SERVICES LLC,STUART,FL,,France Luxe Transportation,,https://www.facebook.com/francois.francelinfrancescar
1528842507,GIFTED IN GREATNESS ABA & PRIVATE SCHOOL,KEY LARGO,FL,https://abacarenetwork.com/clinics/florida/key-largo/gifted-in-greatness-aba-pri,Gifted in Greatness,,https://www.facebook.com/Giftedingreatness
1023828597,GALAXY BEHAVIOR THERAPY INC,LEHIGH ACRES,FL,https://galaxybehaviortherapy.com,GalaxyBehaviorTherapy,,https://www.facebook.com/GalaxyBehaviorTherapy
1487698858,ALPHACARE PERSONAL SERVICES,HOUSTON,TX,https://pharmacygps.com/dme/alphacare-personal-services-1487698858,Alphacare Health Providers Inc.,,https://www.facebook.com/AlphaCareHealthPro
1235947177,GOOD SHEPHERD HOMECARE,PORT ST LUCIE,FL,,Good Shepherd Home Care,,https://www.facebook.com/goodshepherdhomecarellc
1679283659,FIRMNESS OF PURPOSE INC,JACKSONVILLE,FL,,Firmnessof Purpose,,https://www.facebook.com/firmnessofpurposeinc
1265191548,GENUINELY BLESSED HANDS LLC,JACKSONVILLE,FL,,Blessed Hands,,https://www.facebook.com/her.blessedhandz
1134893092,FIRST CHOICE COMPANIONS INC.,OCALA,FL,,Always First Homecare Companion Service,,https://www.facebook.com/Alwaysfirstcompanions
1770353476,BK PHYSICIAN SERVICES PLLC,FORT MYERS,FL,,Chief Physician home health care services,,https://www.facebook.com/chiefphysician
1255084620,FOREVER FRIENDS INC,RIVIERA BEACH,FL,,"Forever Friends,Inc.",,https://www.facebook.com/foreverfriends2u
1912218694,"ALL FOR ONE HOME HEALTH CARE WEST, INC.",ESTERO,FL,,James L. West Senior Day Program and Home Care,,https://www.facebook.com/JamesLWestSeniorDayProgram
1477434157,HALO CARE SERVICES,ST PETERSBURG,FL,,Halo Home Care,,https://www.facebook.com/halo.home.care.2023
1972218881,HAPPYFEET PERSONAL CARE,TALLAHASSEE,FL,,HappyFeet Care,,https://www.facebook.com/happyfeet.care
1568948388,"GUARDIAN ANGEL CARE SERVICES,LLC",TALLAHASSEE,FL,https://guardianangel.com,Guardian Angel Care,,https://www.facebook.com/Guardianangelscare
1790466415,HARMONIOUS HOMES RESIDIENTIAL ASSISTED LIVING FACILITY LLC,SUNRISE,FL,https://hhral.com,Harmonious Assisted Living,,https://www.facebook.com/harmonious.living.7
1366032633,GREATER LIVING HOME HEALTH LLC,BRANDON,FL,https://greaterliving.com,GreaterLivingArchitecture,,https://www.facebook.com/GreaterLivingCareServices
1326107293,"CYPRESS STAFFING SERVICES, LLC",SCOTTSDALE,AZ,https://cypresshomecare.com,cypresshomecare,,https://www.facebook.com/cypressstaffingsolutions
1346025160,ATIBS HOME CARE LLC,MELISSA,TX,https://www.atibscare.com,ATIBS.HOME.CARE.LLC,,https://www.facebook.com/monica.atibs
1578912705,GWENDOLYN MARTIN,JACKSONVILLE,FL,,Gwendolyn Martin (@gwendolyn.martin.336),,https://www.facebook.com/gwendolyn.martin.336
1386510766,HARPERS'S HEAVENLY HANDS 2 LLC,TALLAHASSEE,FL,,Heavenly Hands,,https://www.facebook.com/heavenlyhands09
1710493028,HARRIS HELPING HANDS LLC,SEFFNER,FL,,Harris Helping Hands,,https://www.facebook.com/Harrishelpinghands93
1811367352,ADVANCED SOCIAL CARE INC,BALTIMORE,MD,,Home Care Social,,https://www.facebook.com/homecaresocial
1992305114,INDEPENDENT SOLUTION OF CENTRAL FLORIDA INC,ORLANDO,FL,,Your Complete Florida Solution,,https://www.facebook.com/YourCompleteFloridaSolution
1942809488,"HEAVENLY TOUCH OF CLASS HOMEMAKER & COMPANION SERVICES, LLC",WESLEY CHAPEL,FL,,Heavenly Homemaker,,https://www.facebook.com/Heavenlyhomemaker101
1548134109,"HOME AT LAST FOREVER, INC.",PALM BAY,FL,,Home At Last,,https://www.facebook.com/homeatlastco
1528843836,HEARTS TO HANDS PERSONAL SUPPORT,JACKSONVILLE,FL,,"Hearts & Hands of Care, Inc.",,https://www.facebook.com/Heartsandhandsofcare
1861077026,HEAVENLY HOMECARE AGENCY LLC,GREENACRES,FL,,Heavenly Home Care,,https://www.facebook.com/heavenlyhomecareservice
1619854379,HEART CENTERED CARE LLC,LAKELAND,FL,,Centered Care Inc.,,https://www.facebook.com/CenteredCare
1033509096,FREEDOM VALLEY SERVICES LLC,PEORIA,AZ,https://freedomvalleyservices.com,New Freedom,,https://www.facebook.com/newfreedomaz
1265313290,GUARDIAN ANGELS HOME CARE SOLUTIONS,QUINCY,FL,https://guardianangels.org,Guardian Home Care,,https://www.facebook.com/GuardianHomeService
1871313478,SCULPT STATION BY Z LLC,HOUSTON,TX,,The Sculpt Station,,https://www.facebook.com/thesculptstation
1093685968,ROCKWALL PROVIDENCE CARE INC,ROCKWALL,TX,https://govtribe.com/vendors/rockwall-providence-care-inc-dot-executive-home-car,Providence Academy Rockwall,,https://www.facebook.com/ProvidenceAcademyRockwall
1760053441,"J 4 DYNASTY, LLC",TAMPA,FL,,Duct Dynasty LLC,,https://www.facebook.com/DuctDynastyHVACLLC
1154248425,JOURNEY HOME CARE SERVICES,HAINES CITY,FL,,"Journey's Home Care & Concierge Services, LLC",,https://www.facebook.com/journeyshccs
1063259604,KARMA CARE SERVICES LLC,BOYNTON BEACH,FL,,"Karmahomecare (@karmahomecare) • Facebook, Connect with friends",,https://www.facebook.com/karmahomecare
1649086661,KAPSULE,JACKSONVILLE,FL,,Kapsule,,https://www.facebook.com/kapsulenz
1962186981,JOHNSON &PLEAS HOME CARE NURSING SERVICE LLC,TALLAHASSEE,FL,,Pleas Johnson,,https://www.facebook.com/pleas.johnson
1366044760,LENDING HANDS HOME CARE LLC,ORLANDO,FL,https://lendinghandshomecarellc.com,"Lending A Hand Community Home Care, ""LLC""",,https://www.facebook.com/Lendingahandccare
1922741172,KRYSTAL HOME SERVICES LLC,WEST PARK,FL,,Krystal Clear Home Services,,https://www.facebook.com/KrystalClearHome
1356908396,"LEMARKA,LLC",ORLANDO,FL,,LeMarka,,https://www.facebook.com/leMarkaAgency
1619808375,LIFE SOLUTIONS HEALTH CARE SERVICES LLC,JACKSONVILLE,FL,https://lifesolutions.com,Life Solutions Inc,,https://www.facebook.com/LifeSolutionsInc
1710799663,LIUVIS CAREHOME LLC,TAMPA,FL,https://liuvisdisabilitycarehome.com,"Liuvis (@liuvis.liuvis) • Facebook, Connect with friends",,https://www.facebook.com/liuvis.liuvis
1023862125,LIFE OF PURPOSE INC.,TAMPA,FL,https://www.care.com/b/l/life-of-purpose-inc/tampa-fl,caredotcom,,https://www.facebook.com/lifeofpurpose
1497395560,LIVWELL HOMECARE LLC,TALLAHASSEE,FL,,"LivWell, LLC",,https://www.facebook.com/LivWellLLC
1326895814,KLR PROFESSIONAL SERVICES LLC,CLERMONT,FL,,Professional Home Health,,https://www.facebook.com/professionalhhagency
1790103174,KYNGDOM SERVICES LLC,ORLANDO,FL,,Kyngdom Ser,,https://www.facebook.com/kyngdomservices
1326802224,LOVE FROM YOUR HOME LLC,JACKSONVILLE,FL,,"Love Your Home, LLC",,https://www.facebook.com/loveyourhomellcstamford
1932617859,LAKESHA N. RICHARDS,ORLANDO,FL,,Lakesha Orlando,,https://www.facebook.com/lakesha.orlando
1881465805,MAJOR HEALTHCARE GROUP LLC,SPRING HILL,FL,,Major Healthcare,,https://www.facebook.com/MajorHealthcareRecruitment
1275202194,MICHEL HOME HEALTH SERVICES,CAPE CORAL,FL,,"Michel Home (@Michelathome) • Facebook, Connect with friends",,https://www.facebook.com/Michelathome
1174947949,ALEXANDER HOME HEALTHCARE LLC,FORT COLLINS,CO,,Alexander Home,,https://www.facebook.com/alexanderhome
1093776031,ABACAW ENTERPRISES INC,MURPHY,TX,,Abacus Enterprises,,https://www.facebook.com/AbacusEnterprisesLLC
1518421940,"MAGCARE, INC.",CORAL SPRINGS,FL,,"Magcare Pharmá (@magcare.pharma) • Facebook, Connect with friends",,https://www.facebook.com/magcare.pharma
1962339309,"LUXURY LOVING CARE, LLC",PENSACOLA,FL,,Loving Luxury,,https://www.facebook.com/LovingLuxury
1073511176,"MEDI-FLO CARE, INC",DAVIE,FL,,Medi Healthcare,,https://www.facebook.com/MSAMediHealthcare
1790655538,MEDICAL ACCESS NETWORK INC,BOCA RATON,FL,,Health Access Network,,https://www.facebook.com/healthaccessnetwork
1619847472,MEDICAL ADVANCED DEVICE ENTERPRISE LLC,ORLANDO,FL,,Medical Enterprise,,https://www.facebook.com/MedicalEnterprise
1033963608,MY GOLDEN WAY MR INC,SUNNY ISLES BEACH,FL,,"Golden Way Mechanical, Inc.",,https://www.facebook.com/GoldenWayMechanical
1356951719,MIRACULOUS CARE LLC,ORLANDO,FL,https://miraculous.com,sharer,,https://www.facebook.com/MiraculousCarpetCare
1265394530,NETTIE LOVING CARE SERVICE,JACKSONVILLE,FL,,Nettie's,,https://www.facebook.com/Nettieslc
1104602564,"MORNING STAR ADULT FAMILY CARE HOME, INC.",PALM BEACH GARDENS,FL,https://bisprofiles.com/fl/morning-star-adult-family-care-home-p23000070728,Morning Star Home Care Services LLC,,https://www.facebook.com/MorningstarHCS
1427809490,TYLER CAREGIVING COMPANY LLC,TYLER,TX,https://thecaregivingcompany.com/location/home-care-tyler-tx-senior-care-near-yo,SYNERGY HomeCare,,https://www.facebook.com/SYNERGYHomeCareTyler
1194445320,MY'ANGELS PASSIONATE CARE INC,"JACKSONVILLE FL, 32211",FL,,"Passionate Home Care, LLC",,https://www.facebook.com/passionatehomecareLLC
1447901772,FLORIDA HEALTH SPECIALTY CARE CORP,MIAMI,FL,,Haven Specialty Home Care,,https://www.facebook.com/havenspecialtyhomecare
1811829385,NURSELINK STAFFING GROUP LLC,JACKSONVILLE,FL,,NurseLink Staffing Group LLC,,https://www.facebook.com/NurseLinkStaffingGroup
1144966581,SOUTHERN COMFORT HEALTH CARE SERVICES LLC,GRAND PRAIRIE,TX,https://dallashomecare.org/agencies/southern-comfort-health-care-services-llc,Southern Home Care Agency of Hattiesburg,,https://www.facebook.com/southernhomecarehburg
1417749482,OAK AND IVY HOME CARE,JACKSONVILLE,FL,https://bisprofiles.com/fl/oak-and-ivy-home-care-l25000201599,Oak and Ivy Tree Care,,https://www.facebook.com/OakandIvyTreeCare
1124859251,"OMNI CARE SOLUTIONS OF FLORIDA II, LLC",ORLANDO,FL,,Omni Care Solutions Inc.,,https://www.facebook.com/omnicaresolutionsinc
1548939770,PHILLIPS FAMILY SERVICES,JACKSONVILLE,FL,,"Phillips Lawncare (@phillipslawncare) • Facebook, Connect ...",,https://www.facebook.com/phillipslawncare
1548126501,PRECIOUS DIAMONDS LLC,TAMPA,FL,,"Precious Home Care, LLC",,https://www.facebook.com/precioushomecarellc
1245087634,OUR ANGELS HOMECARE LLC,ORLANDO,FL,,Our Angels,,https://www.facebook.com/handsofangelshealthcare30
1326744053,PLATINUM HAND COMPANION CARE LLC,HAINES CITY,FL,,Helping Hands Companion Care Services,,https://www.facebook.com/HelpingHandsCompanion
1952180093,PEGS TV ANGELS,LADY LAKE,FL,,PEGS LLC,,https://www.facebook.com/PEGSLLC
1962361550,QUALITY CAREGIVERS INC,LEESBURG,FL,,Quality Caregivers llc,,https://www.facebook.com/Qualitycaregiversllc123
1821935057,REIDS ELITE KARE LLC,PALM BAY,FL,,"Elite Home Care, Day Centers & Transportation",,https://www.facebook.com/EliteHomeCareSC
1811842115,PURPOSED COMPASSION & CARE SERVICES,FLORAL CITY,FL,,Compassion Home Care & Behavioral Health ServicesCompassion Care Services,,https://www.facebook.com/compassionhomecareservices
1134992050,"HOUSTONIAN HELPING HANDS, INC",HOUSTON,TX,https://houstonhomecare.org/agencies/houstonian-helping-hands-inc,"The Houstonian Hotel, Club & Spa",,https://www.facebook.com/TheHoustonian
1558254722,SUGAR LAND CAREGIVING COMPANY LLC,SUGAR LAND,TX,,"Caring Senior Service - Sugar Land, TX",,https://www.facebook.com/caringsugarland
1629956859,QUALITY CARE OF AMERICA CORPORATION,ORLANDO,FL,,"Quality America, Inc.",,https://www.facebook.com/qualityamerica
1083524508,HANDS OF MERCY CAREGIVER SERVICES LLC,COCONUT CREEK,FL,,Mercy,,https://www.facebook.com/FollowMercy
1194240150,PRIVATE HOME CARE LLC,PALM BEACH GARDENS,FL,,"Private Home Care Services, LLC",,https://www.facebook.com/privatehomecare.org
1922367010,QUALITY CARE PROVIDERS,ORLANDO,FL,,Elite Providers Home Care Agency,,https://www.facebook.com/Eliteprovidersagency
1134017031,QUALITY CHOICE HEALTHCARE SOLUTIONS LLC,TALLAHASSEE,FL,,Quality Choice,,https://www.facebook.com/QualityChoiceNebraska
1841048493,RESILIENT SOUL HOME CARE INC,TAMPA,FL,,Resilient Souls,,https://www.facebook.com/ResilientSouls
1710614722,R&S UNITED HEALTH SERVIES LLC,SOUTH DAYTONA,FL,,R&S United Health Services LLC,,https://www.facebook.com/rsunitedhealthservices
1275347114,BANNER HOME CARE COLORADO,GREELEY,CO,https://www.bannerhealth.com/locations/greeley/banner-home-care-19th,BannerHealth,,https://www.facebook.com/BannerNorthColoradoMedicalCenter
1366360232,SERENITY RESIDENCE,NEW PORT RICHEY,FL,https://serenityresidence.org,Crystal Cay Serenity Residence,,https://www.facebook.com/crystalcay.serenityresidence
1831857473,S&L DELIGHTFUL CARE SERVICE LLC,TAMPA,FL,,Delightful Senior Care,,https://www.facebook.com/delightfulseniorcare
1548904063,SHIRLEY WILSON HEAVENLY HEALTHCARE,JACKSONVILLE,FL,,Shirley Wilson,,https://www.facebook.com/shirley.wilson.947491
1700303591,SERENITY HOME CARE & SERVICES,ORLANDO,FL,https://www.care.com/b/l/serenity-home-care-services/orlando-fl,caredotcom,,https://www.facebook.com/serenityhcs
1801650379,"SACRED HEART HOME HEALTHCARE, LLC",FORT WALTON BEACH,FL,,SacredHeart HomeHealth,,https://www.facebook.com/sacredheart.homehealth
1437846110,SERENITY LUXE HOME HEALTH AGENCY,PEMBROKE PINES,FL,,Serenity Luxe Home Health Agency,,https://www.facebook.com/Serenityluxeservices
1124727177,"ROBINSON'S QUALITY CARE ASSIST LIVING FACILITY, INC",FLORIDA CITY,FL,,Exclusive Care Assisted Living Facility,,https://www.facebook.com/ExclusiveCareAssistedLiving
1093362246,SUN CARE ENTERPRISES INC,BRADENTON,FL,,Sun Enterprises,,https://www.facebook.com/sunenterprisesblr
1558124982,SPECIAL NEEDS CARE INC,PEMBROKE PINES,FL,https://specialneeds.org,Special Touch Home Health Care,,https://www.facebook.com/specialtouchhomecare
1730759168,SUPREME HABILITATIVE SERVICES LLC,TAMPA,FL,,Supreme Habilitative Services LLC,,https://www.facebook.com/supremecares
1669900494,"SPECIAL HEARTS SUPPORTS & SERVICES,LLC",JACKSONVILLE,FL,https://specialhearts.net,"Circled Hearts Support Services, LLC",,https://www.facebook.com/CircledHearts02
1639648702,SUPREME COMFORT CARE LLC,FORT PIERCE,FL,https://www.supremecomfortcare.com,Supreme Home Care Services,,https://www.facebook.com/supremehomecareservicesfortwayne
1386554764,"SUNSHINE HEALTH CARE SERVICES, LLC",VENICE,FL,,Sunshine Healthcare Staffing,,https://www.facebook.com/sunshinehealthcarestaffing
1104718097,STETHOSCOPE STAFFING LLC,MARIANNA,FL,,Stethoscope Staffing LLC,,https://www.facebook.com/stethoscope.staffing.llc
1912851817,STEP BY STEP WITH LOVE HEALTHCARE,ORLANDO,FL,,Step2LoveRachel's Step by Step,,https://www.facebook.com/Step2Love
1407679731,STAR LIFE CARE,MIRAMAR,FL,,Star Home Healthcare,,https://www.facebook.com/starhomehealthcare
1407579766,TOTAL RESTORATION HOME CARE LLC,ORLANDO,FL,https://totalrestoration.com,totalrestorationltd,,https://www.facebook.com/totalrestorationllcbaltimore
1982483293,THE ART OF DRAW,PORT ST JOE,FL,https://business.gulfchamber.org/list/member/the-art-of-draw-mobile-lab-services,GulfCoChamberofCommerce,,https://www.facebook.com/HomeDrawMobile
1346715158,TOP TIER PERSONAL CARE SERVICES INC.,MIRAMAR,FL,,Top Tier LLC,,https://www.facebook.com/TopTierTDS
1841113149,TOP KNOTCH CARE LLC,APOLLO BEACH,FL,https://bisprofiles.com/fl/top-knotch-care-l18000229868,Top Knotch LLC,,https://www.facebook.com/TopKnotchLakeland
1346162393,TENDER LOVING CARE HOMES LLC,PORT ST LUCIE,FL,https://tenderloving.com,DomainMarketCom,,https://www.facebook.com/tenderlovingcarehomecare
1770217978,TWAL LOGISTICS LLC,CANTON,MI,,"Sam Twal (@sam.twal.7) • Facebook, Connect with friends",,https://www.facebook.com/sam.twal.7
1386566800,GLORIOUS EMERALD CARE GROUPLLC,HOUSTON,TX,https://gloriousemeraldcaregroup.com,Glorious CareHouse,,https://www.facebook.com/glorious.carehouse
1912834318,UNIQUE HOME HEALTH SERVICES LLC,TAMPA,FL,https://npi-lookup.org/1912834318-unique-home-care-fl,Unique Home Care,,https://www.facebook.com/UniqueHomeCareFl
1265920094,THE CANAAN CENTER LLC,PEMBROKE PINES,FL,,Canaan Cares,,https://www.facebook.com/CanaanCares
1538034830,TOUCH & ANOINTED LLC,JACKSONVILLE,FL,,Anointed Touch,,https://www.facebook.com/anointedtouchsalonandboutique
1760140909,"TDNT SOCIAL SERVICES, INC.",BELLE GLADE,FL,,TdntSocial ServicesInc,,https://www.facebook.com/tdntsocialservicesinc
1144987165,TINA SINES,JACKSONVILLE,FL,,Tina Sines,,https://www.facebook.com/tina.sines
1871760017,WE ELDERLY CARE INC,LAKE WALES,FL,https://www.caregiverrelief.com/we-elderly-care,caregiverrelief,,https://www.facebook.com/wecarenowelderly
1912717034,VILLAGE SUPPORT SYSTEM SERVICES THE VILLAGE,ORLANDO,FL,https://www.medicarelist.com/mental-health/the-village-support-system-services-l,The Village Support Group,,https://www.facebook.com/thevillagesupportgroup
1134936032,GEMAU HEALTHCARE SERVICES LLC,WYLIE,TX,https://dallashomecare.org/agencies/gemau-healthcare-services-llc,Gemau Adams,,https://www.facebook.com/gemau.adams.2025
1568299022,VELAROSA PERSONAL CARE SERVICES LLC,SAINT PETERSBURG,FL,https://velarosahomecare.com,Velarosa Studio,,https://www.facebook.com/velarosastudio
1063241552,WENDY KRZOSKA LLC,LAKE CITY,FL,,Wendy Krzoska,,https://www.facebook.com/WendyLMcroberts
1467038844,VIRTUOUS EAGLES HOME CARE LLC,TALLAHASSEE,FL,,"Virtuous Homecare, LLC",,https://www.facebook.com/virtuoushomecarellc
1508731969,WINGS OF HARMONY SUPPORT CORP,MIAMI LAKES,FL,,Wings Support,,https://www.facebook.com/wingssupportss
1326753195,VENUS CARE SERVICES LLC,PORT SAINT LUCIE,FL,,Venus Home Care,,https://www.facebook.com/VenusHomeCareLLC
1205563921,1ST ALIGN HEALTH CARE,HOUSTON,TX,https://1stalign.com,Align Healthcare Real Estate,,https://www.facebook.com/Alignhealthcarerealestate
1790408995,YOLETTE HOME CARE INC,ORLANDO,FL,,Yolette Rose,,https://www.facebook.com/yolette.rose
1093683237,A BLESSING CARE LLC,KATY,TX,https://houstonhomecare.org/agencies/a-blessing-care-llc,Blessing Home Care Edmonton,,https://www.facebook.com/BlessingHomeCareGroup
1194619239,ABRAMS HEALTHCARE SERVICES LLC,DALLAS,TX,https://www.abramshealthcareservices.com/about,"Abrams Services (@abramsservices) • Facebook, Connect with ...",,https://www.facebook.com/abramsservices
1659925394,ADEL HEALTH CARE SERVICES LLC,MISSOURI CITY,TX,https://houstonhomecare.org/agencies/adel-health-care-services-llc,Adel Services,,https://www.facebook.com/AdelServices
1255811865,"Z&M BUSINESS DEVELOPMENT, LLC",TAMARAC,FL,,ZM Development Inc.,,https://www.facebook.com/zmdevelopment
1780435297,A HEARTFELT COMPANION LLC,HOUSTON,TX,,Heartfelt Home Care,,https://www.facebook.com/heartfelthomecareinc
1699521245,KIDS AND ELDERS CARE CONNECTIONS LLC,CYPRESS,TX,https://houstonhomecare.org/agencies/kids-and-elders-care-connections-llc,Eldercare Connections Network,,https://www.facebook.com/eldercareconnectionsnetwork
1316552078,ABSOLUTE HOME HEALTH II LLC,TAMPA,FL,,Absolute Home Care Plus,,https://www.facebook.com/absolutehcp
1336807817,4 TEE'S SITTING SERVICES LLC,HOUSTON,TX,,4 Tee's Sitting Services LLC,,https://www.facebook.com/4teessittingservices
1851905111,XCLUSIVE HOME CARE LLC,HIALEAH,FL,,Xclusive Services,,https://www.facebook.com/XclusiveServices
1942057781,"ABAYA WELLNESS & HOME HEALTHCARE, LLC",HOUSTON,TX,,Abhaya Wellness,,https://www.facebook.com/abhayawellnessnc
1497301212,ABOVE ABILITIES HEALTHCARE (AAH) LLC,HOUSTON,TX,,Abilities Healthcare,,https://www.facebook.com/abilities.healthcare
1053088666,ACERS HOME HEALTHCARE AGENCY LLC,THE WOODLANDS,TX,,Acers Home Acers Home,,https://www.facebook.com/acershome.acershome.75
1124630991,"AFFORDABLE HOME HEALTH CARE, INC.",MESQUITE,TX,,"Affordable at Home Care, Inc",,https://www.facebook.com/Affordableathomecare
1285405068,AK & PRESTIGE LLC,SPRING,TX,,Prestige Home Health Care Agency and Services LLCPrestige Home Care of Greenwich,,https://www.facebook.com/PrestigeHHCA1
1043926520,"A CARING SOLUTION, WEST PALM LLC",BOCA RATON,FL,,Your Mobile Solution,,https://www.facebook.com/Yourmobilesolution1
1568106292,ACARE PROVIDER SERVICES LLC,SPRING,TX,https://www.medicarelist.com/primary-care/acare-provider-services-llc-spring-tx,Acare Provider Services LLC,,https://www.facebook.com/acareproviderservices
1508041468,OUR ALPHA HEALTHCARE SERVICES INC DBA ALPHAHEALTHCARE SERVICES,ARLINGTON,TX,https://ouralphahealthcare.com,Alpha Health Services LLC,,https://www.facebook.com/AlphaHealthServices504
1487083622,AFOSO GROUP LLC,HOUSTON,TX,https://www.medicarelist.com/mental-health/universal-healthcare-services-houston,Afoso Neves,,https://www.facebook.com/afoso.neves
1336731454,ADROIT HEALTHCARE SERVICES INC,THE COLONY,TX,,Adroit Healthcare Consultancy,,https://www.facebook.com/adroithealthcare.consultancy
1619851441,ALL METRO ESSENTIAL HOME HEALTH,HOUSTON,TX,,All Metro Health Care,,https://www.facebook.com/AllMetroHealthCare
1184430050,"ALL AMERICAN HOME CARE, LLC",EL PASO,TX,,All American Home Care LLC,,https://www.facebook.com/allamericanhomecare
1982299483,AMAZING TOUCH LLC,LITTLE ELM,TX,https://feedam.org/resource/551689,feedamericaorg,,https://www.facebook.com/amazinghomecareuk
1952514564,"AFFINITY FAMILY CARE, LLC.",MESA,AZ,https://affinityfamily.com,"Affinity Home Care, LLC",,https://www.facebook.com/AffinityHomeCareLLC919
1447087697,ANGUELS UNLIMITED LLC,HUMBLE,TX,,"Angels Unlimited, LLC",,https://www.facebook.com/angelsunlimitedllc
1669312203,ANGELIC PATHWAY TO LIVING,HOUSTON,TX,,Angelic Pathways LTD,,https://www.facebook.com/angelicpathwaysltd
1578338620,ANGELIC HANDS LLC,KATY,TX,,Angelic Hands Homecare LLC,,https://www.facebook.com/angelichandshomecarellc
1518483445,"ALTRUIST HOSPICE, INC.",DALLAS,TX,,"Altruistic Hospice, Inc.",,https://www.facebook.com/AltruisticHospiceInc
1285486696,AMINA HEALTHCARE SERVICES LLC,LANCASTER,TX,,AMINA HEALTHCARE (@amina.healthcare),,https://www.facebook.com/amina.healthcare
1275144453,ANOINTED HOME CARE,MESQUITE,TX,,Anointed Helpers Home Care,,https://www.facebook.com/anointedhelpershomecare
1871786061,"A.R.C. HOME HEALTH, INC.",MIAMI,FL,,Choice Health at Home,,https://www.facebook.com/ChoiceHealthatHome
1144934878,BARUCH INTEGRATED HEALTHCARE SERVICES LLC,HOUSTON,TX,https://houstonhomecare.org/agencies/baruch-integrated-healthcare-services-llc,Baruch Services,,https://www.facebook.com/Baruchservices
1730049750,AZEL SAINT CARE LLC,HOUSTON,TX,https://www.medicarelist.com/mental-health/azel-saint-care-llc-houston-tx,AZEL,,https://www.facebook.com/azelservicesalapersonne
1982362232,ASSURED PEDIATRIC HOME HEALTH AGENCY LLC,MESQUITE,TX,https://www.assuredpediatrichha.com/contact,squarespace,,https://www.facebook.com/AssuredHealthServicesLLC
1669172193,EMBODY PHYSICAL THERAPY LLC,PHOENIX,AZ,https://www.embody-physicaltherapy.com,Empower Physical Therapy,,https://www.facebook.com/EmpowerPhysicalTherapyGroup
1821705070,AUNT SISTER'S,HOUSTON,TX,,Aunt Sister,,https://www.facebook.com/auntsistersays
1437904158,AUBREL CONSULTING SOLUTIONS LLC,FORT WORTH,TX,,Aubrel Aubrel,,https://www.facebook.com/aubrel.aubrel
1982443933,ASSURANCE HEALTH PARTNERS LLC,HOUSTON,TX,,Assurance Health Group,,https://www.facebook.com/assurancehealthgroup
1194397968,BARKA CARING LIVING LLC,SAINT HEDWIG,TX,,Barka Home,,https://www.facebook.com/barka.home
1194696252,AVALON CARE AND SERVICES LLC,HOUSTON,TX,,Avalon Care Center,,https://www.facebook.com/WeCareAvalonCareCenter
1154844751,ASSURED BEST CARE HOME HEALTH LLC,ARLINGTON,TX,,"FacebookAssured Care Health Services, LLC",,https://www.facebook.com/AssuredHomeHealthArlington
1497336721,AZUL ENTERPRISES INC,MISSION,TX,,Azul Inc,,https://www.facebook.com/azulinc1
1851768147,"ALLHEART HEALTHCARE, INC",VENICE,FL,,Allheart Senior Care,,https://www.facebook.com/allheartsrcare
1437374493,"BLUEBONNET HOSPICE OF EAST TEXAS, INC.",TYLER,TX,,The Hospice of East Texas,,https://www.facebook.com/hospiceofeasttexas
1457476434,BETTER OPTIONS HOMECARE SERVICES INC,GARLAND,TX,https://betteroptionshomecare.com,Better Options Ventilator Care Adult Family Home,,https://www.facebook.com/BetterOptionsVentilator
1043883226,BNS LEGACY,ALLEN,TX,https://orthopedic.io/physio-clinic/bns-legacy-allen-tx,Bns Legacy Trucking,,https://www.facebook.com/BNSLegacyTrucking
1790647287,BEST FRIENDS HEALTH CARE SERVICES LLC,HOUSTON,TX,https://bestfriends.org,bestfriendsanimalsociety,,https://www.facebook.com/bestfriendshealthcareservices
1679212880,PASSIONATE HANDS LLC,JACKSONVILLE,FL,https://passionatehands.net,"Passionate Hands Home Care Agency, LLC",,https://www.facebook.com/passionatehandshomecare
1689554404,BRIGHT HEART GROUP HOMES,LEWISVILLE,TX,,"Bright Home Care Solutions, Inc",,https://www.facebook.com/brighthomecaresolutions
1992668859,CARE CONNECT LLC,GLENN HEIGHTS,TX,,"Care Connect, LLC Non-Medical Home Care ServicesCareConnect Homecare",,https://www.facebook.com/CareConnectLLC
1346199965,BLISS STAFFING AGENCY LLC,DALLAS,TX,,"Bliss Staffing, LLC",,https://www.facebook.com/blissstaffingsolutions
1851869234,BLUE AGAVE WOUND CARE SOLUTIONS LLC,AUSTIN,TX,,FacebookWound Care Solutions,,https://www.facebook.com/blueagavecleveland
1689364747,CALL FOR CARE LLC,HOUSTON,TX,,A Place To Call Home LLC,,https://www.facebook.com/Aplacetocallhome
1962269365,AHMED M KATOOT LLC,MIRAMAR BEACH,FL,,Ahmed Katoot,,https://www.facebook.com/ahmed.katoot.7
1245973973,ABOVE AND BEYOND SPA,GREENWOOD,FL,https://abovebeyond.org,AboveBeyondTeaching,,https://www.facebook.com/aboveandbeyondmedi
1659244432,CIBRE LC,LOS FRESNOS,TX,,Cibre Colina Cibre,,https://www.facebook.com/cibrecolina.cibre
1467167809,CHILDRENS PALACE CARE SERVICES,HOUSTON,TX,,Children's Palace,,https://www.facebook.com/childrenspalaceofficial
1265262430,CLASSY FUNDAMENTALS & TOTAL CARE,DALLAS,TX,https://www.medicarelist.com/mental-health/unavail-dallas-tx,Klassy Fundamentals,,https://www.facebook.com/classy.fundamentals
1891591848,COMFORTCARE HOME SERVICES LLC,KILLEEN,TX,https://comfortcare.com,ComfortCare Home Services,,https://www.facebook.com/comfortcarehomeservices
1861372823,COMFORT CARE SITTING SERVICES,FATE,TX,,Paula's Pet Sitting and Home Care LLC,,https://www.facebook.com/PaulasPetSitting
1225722622,"CARING HANDS BY MYRNA KING, LLC",HOUSTON,TX,,Myrna King,,https://www.facebook.com/myrna.king.754
1508602640,CEDAR VALLEY LLC,CRANDALL,TX,,Cedar Valley Manufacturing,,https://www.facebook.com/CedarValleyMfg
1720778889,DILIGENT HOME HEALTH CARE LLC,RICHARDSON,TX,https://diligenthomecare.com/about,DiligentHHC,,https://www.facebook.com/diligentcare
1073109732,"AGOO HEALTH, LLC",FORT LAUDERDALE,FL,https://npi-lookup.org/1073109732-agoo-health-llc-fl,Home Agoo,,https://www.facebook.com/home.agoo
1518884097,COMPASSIONATE SERVANTS LLC,AMARILLO,TX,,Compassionate Servants,,https://www.facebook.com/compassionateservants
1003200874,"A PLACE AT HOME, LLC",JACKSONVILLE,FL,,A Place At Home - Jacksonville Southeast,,https://www.facebook.com/aplaceathomejacksonvillesoutheast
1588264832,CROWND,ABILENE,TX,,Crownd,,https://www.facebook.com/Crowndteam
1780031336,"COMPASSIONATE COMPANIONS, LLC",KILLEEN,TX,,Compassionate Companions Inc.,,https://www.facebook.com/compassionatehelp
1003503517,DELIGHT HOME HEALTH SERVICES INC,RICHMOND,TX,,Delight Home Solutions (@delighthomesolutions),,https://www.facebook.com/delighthomesolutions
1649538950,"DIVINE TORCH HEALTH SERVICES, INC.",ARLINGTON,TX,,Divine Touch Home Care Services,,https://www.facebook.com/DivineTouchHCS
1508698713,"ENID'S PREMIER HOME CARE, LLC",MISSOURI CITY,TX,https://enidspremierhomecare.com,Premier Home Care,,https://www.facebook.com/thepremierhomecareservices
1770424343,EULAS SERVICES LLC,LUBBOCK,TX,https://eulasservicesllc.com,Eulas Duff,,https://www.facebook.com/eulas.duff
1801632112,"ECHO HOME CARE SERVICES, LLC",TYLER,TX,https://local.yahoo.com/info-239536841-echo-home-care-services-llc-tyler/;_ylt=A,yahoo,,https://www.facebook.com/echohomeservice
1083598593,LIZZY HEALTHCARE LLC,MCKINNEY,TX,https://dallashomecare.org/agencies/lizzy-healthcare-llc,Lizzy Care,,https://www.facebook.com/wearelizzy
1235843988,EMBRACING ELEGANT HOME CARE LLC,CONROE,TX,,Elegant Home Care Agency,,https://www.facebook.com/eleganthomecareagency
1386308716,365 NEIGHBORS CARE INC,WINTER HAVEN,FL,,4Neighbors Lawncare Llc,,https://www.facebook.com/4neighborslawncarellc
1932041274,FAITHFUL HANDS OF CARE OF TEXAS,HOUSTON,TX,,"Faithful Private Home Care, LLC",,https://www.facebook.com/faithfulprivatehomecare
1467344283,E&J TOPNOTCH HOMEHEALTHCARE LLC,HOUSTON,TX,,Topnotch Care Services,,https://www.facebook.com/Topnotchcareservices
1780568824,ELYSIAN HOME & HEALTHCARE LLC.,KATY,TX,,Elysian Home Services,,https://www.facebook.com/elysianhomecareservices
1467066589,EXPRESS HOMECARE SERVICES INC,RICHARDSON,TX,,Express Home Services,,https://www.facebook.com/expresshomeservicesmo
1669015327,FRIENDLY COMPANION AND HOMEMAKERS LLC,DALLAS,TX,,Friendly Companion and Homemakers LLC,,https://www.facebook.com/fchomemakers
1225903248,ALL THINGS THROUGH HEALTH,ANTHONY,FL,,All Things Through Him,,https://www.facebook.com/allthingsthroughim
1487432258,GANDEN HOSPICE LLC,HOUSTON,TX,https://gandenhospice.com,Ganden Hospice,,https://www.facebook.com/gandenhospice
1902993413,"FRONTLINE HEALTH SERVICES, INC.",EDINBURG,TX,https://frontline.com,Frontline Care Solutions,,https://www.facebook.com/FrontlineCareSolutions
1215465315,FREEDOM HOME HEALTH AND WELLNESS,AUSTIN,TX,https://orthopedic.io/physio-clinic/freedom-home-health-and-wellness-austin-tx,Freedom Health & Wellness,,https://www.facebook.com/FreedomHealthAndWellnessFL
1639383649,"FIRST CRYSTALCARE, INC.",MESQUITE,TX,https://dallashomecare.org/agencies/first-crystalcare-inc,FirstLight Home Care,,https://www.facebook.com/FirstLight.HomeCare
1598623779,FRESH AND FLAWLESS STAFFING SERVICES LLC,HOUSTON,TX,https://houstonhomecare.org/agencies/fresh-and-flawless-staffing-services-llc,Fresh and Flawless LLC,,https://www.facebook.com/fresh.and.flawless.llc
1134176803,"BAYADA HOME HEALTH CARE, INC.",PHOENIX,AZ,https://phoenix-home-care.com/agencies/bayada-home-health-care-inc-2,BAYADAHomeHealthCare,,https://www.facebook.com/BAYADAHomeHealthCare
1871463612,MEDICAL ACCOUNTS GROUP INC,DEERFIELD BEACH,FL,https://www.medicarelist.com/mental-health/medical-accounts-group-inc-deerfield-,Accounts Care,,https://www.facebook.com/AccountsCare
1740077650,RADIANT HOME HEALTH SERVICES CORPORATION,MIAMI,FL,https://npi-lookup.org/1740077650-radiant-home-health-services-corporation-fl,Radiant Homehealthcare,,https://www.facebook.com/radiant.homehealthcare
1780113563,"FIDUS ACHATES, INC.",CYPRESS,TX,,My Fidus Achates,,https://www.facebook.com/MyFidusAchates
1154298206,"7 OAKS HOME HEALTH, LLC",TALLAHASSEE,FL,,Seven Oaks Rehabilitation and Healthcare Center,,https://www.facebook.com/YADatSevenOaks
1730357799,HEART TO HEART PROVIDER LLC,DALLAS,TX,,Provider Care at Home,,https://www.facebook.com/providercareathome
1104275577,A BLESSED AND SECURE CARE SERVICES LLC,BRADENTON,FL,https://bisprofiles.com/fl/a-blessed-and-secure-care-services-l14000044186,A Blessed Choice of Care LLC,,https://www.facebook.com/ablessedchoiceofcare
1760836704,HEALING HANDS SENIOR CARE SERVICE,BEDFORD,TX,,Healing Home,,https://www.facebook.com/rachael.healinghome
1528221074,ALL FAMILIES UNITED,MIAMI,FL,,"Families United Network, LLC",,https://www.facebook.com/famunitednetwork
1467562033,"ALONDRA HOME HELP, LLC",MIAMI,FL,,Alondra Home Care,,https://www.facebook.com/Alondrahomecare
1104791268,CHIC HOME CARE INC,TAMPA,FL,,HomeChic,,https://www.facebook.com/home4chic
1245020098,GRACE COVENANT HOME HEALTH CARE OF TEXAS LLC,GRAND PRAIRIE,TX,https://gracecovenant.org,GraceCovenantChurch,,https://www.facebook.com/gracecovenant
1073895322,GUIDANCE HOME HEALTH SERVICES INC,CARROLLTON,TX,,Guidance Home Care,,https://www.facebook.com/GuidanceHomeCare
1750890521,HOPE OF GLORY LLC,PROSPER,TX,,The Hope of Glory,,https://www.facebook.com/thehopeofglory.org
1912695669,A PEACE OF MIND NURSING CARE INC,MIAMI,FL,,"Peace of Mind Nursing, LLC",,https://www.facebook.com/peaceofmindnursing
1114844701,HOMEBRIDGE HOME CARE,FORT WORTH,TX,,HomeBridge Home Care,,https://www.facebook.com/HomeBridgeHomeCare
1588461156,J&M CARE LLC,HOUSTON,TX,https://houstonhomecare.org/agencies/j-m-care-llc,JM Care,,https://www.facebook.com/jm.care
1538725585,A PLUS HOME HEALTH SERVICES LLC,MIAMI,FL,,Aplus Homehealth,,https://www.facebook.com/aplushomehealth
1316879612,"INTEGRITY CONSULTING & TRAINING SERVICES, LLC",NORTH RICHLAND HILLS,TX,,"Integrity ConsultingFacebookIntegrity Healthcare Consulting, LLC.",,https://www.facebook.com/IntegrityMediaConsulting
1003789348,KAZCARE HOME HEALTH LLC,RICHMOND,TX,,Kazcare Holistics,,https://www.facebook.com/KazCare.co.uk
1720922321,ASCENSION HEALTHCARE,PHOENIX,AZ,https://ascensionhealthaz.com/contact-us,ascensionorg,,https://www.facebook.com/ascensionorg
1760213128,HOME OF HOLISTIC HEALING HOMECARE & WELLNESS CORP,FORT WORTH,TX,,Holistic Healing Home,,https://www.facebook.com/holistichealinghome
1407149008,"A.V.G. PROFESSIONAL THERAPY, INC.",HIALEAH,FL,,Professional Home Health,,https://www.facebook.com/professionalhhagency
1770724205,"ABA HOMECARE PROVIDERS, INC",DORAL,FL,,ABA Providers Association,,https://www.facebook.com/ABAproviders
1043536659,ADVOCATE IN-HOME CARE,LAUDERHILL,FL,https://caregiver-aid.com/care-service/united-states/florida/lauderhill/home-hea,Advocate In-Home Care,,https://www.facebook.com/AdvocateInHomeCare
1326374539,ABILITY HOME HEALTH CARE,DELRAY BEACH,FL,,Ability Home Health,,https://www.facebook.com/abilityhomehealthservices
1912173857,"ADAN HOME HEALTH CARE, INC",MIAMI,FL,,Adan Home,,https://www.facebook.com/adan.home.7
1932635489,MAYRA A DE LEON,PHARR,TX,,Mayra A. De Leon,,https://www.facebook.com/mayralovesemma
1437036472,LE GARDIEN CAREGIVERS LLC,HOUSTON,TX,,Caroline le Gardien,,https://www.facebook.com/caroline.legardien
1760992028,LOVE LIKE OURS,MESQUITE,TX,,A Love Like Ours.,,https://www.facebook.com/lovelikeours
1497635403,MCALLEN CAREGIVING COMPANY LLC,MCALLEN,TX,,Comfort House Services,,https://www.facebook.com/comforthousemcallen
1902699606,A HELPING HAND HEALTHCARE LLC,NAPLES,FL,https://ahelpinghand.com,A Helping Hand,,https://www.facebook.com/ahelpinghandkc
1316715683,ABLISS HEALTHCARE INC,ORLANDO,FL,https://www.ablisshealthcareinc.com,wix,,https://www.facebook.com/AblissFBPage
1821411703,ABOVE THE REST,ANTHONY,FL,https://www.care.com/b/l/above-the-rest-senior-home-care/anthony-fl,caredotcom,,https://www.facebook.com/abovetherestconsignment
1932114303,"METRO HOME CARE SERVICES, INCORPORATED",GARLAND,TX,https://www.assistedseniorliving.net/facilities/texas/garland/49977/metro-home-c,Metro Home Health Care,,https://www.facebook.com/metrohomehealth
1720611924,"MILLENNIUM HOME CARE, LLC",SAN ANTONIO,TX,https://millennium.org,Millennium Home Senior Care,,https://www.facebook.com/MillenniumHomeSeniorCare
1023938800,MUNA HEALTHCARE LLC,ARLINGTON,TX,https://munahealthcare.com/about,MUNA HOME,,https://www.facebook.com/MunaHome
1376580142,"MIDAS HEALTHCARE SERVICES, INC.",ARLINGTON,TX,https://dallashomecare.org/agencies/midas-healthcare-services-inc,Midas,,https://www.facebook.com/Midas
1780255075,"MUCHAM HEALTHCARE SERVICES, LLC",MCKINNEY,TX,,"M Mucham (@m.mucham) • Facebook, Connect with friends",,https://www.facebook.com/m.mucham
1295676849,A FAMILY OF HOPE LLC,KISSIMMEE,FL,,A Family Of Hope LLC,,https://www.facebook.com/afamilyofhopellc
1649036294,NEXT STEP UP CORP,AUSTIN,TX,,Step Up Austin,,https://www.facebook.com/stepupaustin
1376924316,"ALL ABOUT ME SUPPORTS & SERVICES, INC",MIAMI,FL,https://www.aamssinc.com/?page_id=28,All About You Supports,,https://www.facebook.com/allaboutyousupports
1861271843,INSIGNIA HOME CARE SOLUTIONS LLC,HOUSTON,TX,https://insigniasolutions.com,DomainMarketCom,,https://www.facebook.com/InsigniaSolution
1891673760,PARADISE HELPING HANDS,HOUSTON,TX,https://hospice.io/hospice/paradise-helping-hands-houston-tx,Paradise Home Care,,https://www.facebook.com/paradisehomecare1
1336698729,"COMMUNITY FIRST HOME HEALTH CARE, LLC",WICKENBURG,AZ,https://www.communityfirstaz.info,communityfirstAZ,,https://www.facebook.com/communityfirstAZ
1316638703,"GREGORY S ANDERSON, PT, PLLC",SCOTTSDALE,AZ,https://orthopedic.io/pt-outpatient/gregory-s-anderson-pt-pllc-scottsdale-az,Gregory Anderson,,https://www.facebook.com/gregory.anderson.799270
1306687165,NEW HORIZON HEALTHCARE SOLUTIONS,MESQUITE,TX,,"Horizon Home Care, LLC",,https://www.facebook.com/horizonhomecarellc
1043106909,ORAH HOME CARE AGENCY LLC,HOUSTON,TX,,ORAH HOME,,https://www.facebook.com/orahhome
1740511856,PERFECT HOME HEALTH AGENCY,PEARLAND,TX,,Perfect Home Care,,https://www.facebook.com/perfecthomecare.oficial
1982558391,"BLESSING HOMES AGENCY, LLC",HOMESTEAD,FL,https://blessinghomes.org,Blessing Homes,,https://www.facebook.com/blessinghomes61
1861134652,LIFE ESSENTIAL CAREGIVING SERVICES & RESIDENTIAL HOME CARE LLC,KATY,TX,,"Essentials, LLC",,https://www.facebook.com/essentiallyforyou
1326964412,PROMISING HANDS LLC,DALLAS,TX,https://promisinghands.com,Promising Hands Homecare,,https://www.facebook.com/promisinghands.homecare
1467164970,PRECIOUS HANDS AND HANDS L.L.C.,KATY,TX,https://precioushands.com,DomainMarketCom,,https://www.facebook.com/precious.hands.254450
1679461099,PURE DELIGHT HOME CARE LLC,ROUND ROCK,TX,,Delight Home Health Care,,https://www.facebook.com/delight.home.health.care
1629893458,PROUD MOM SOLUTIONS LLC,CROWLEY,TX,,Proud To Care North Somerset,,https://www.facebook.com/proudtocarenorthsomerset
1497612006,ROCHETTE HOLDINGS INC,BRYAN,TX,,Mathilde Rochette,,https://www.facebook.com/MathildeRochette83
1588135073,"SCRUGGS FAMILY HOLDINGS, INC.",WEST LAKE HILLS,TX,,"Karen Lee-Scruggs (@karen.leescruggs) • Facebook, Connect ...",,https://www.facebook.com/karen.leescruggs
1598912800,A COMPASSIONATE HOME HEALTH AGENCY,NORTH MIAMI,FL,https://acompassionate.com,"Compassionate Home Health Residential Services, Inc.",,https://www.facebook.com/compassionatehhc
1023490141,A GENTLE TOUCH HOME HEALTH CARE LLC.,JACKSONVILLE,FL,https://agentletouch.org,A Gentle Touch Home Health Care,,https://www.facebook.com/agentletouchhhc
1811510969,REHABME MPLEASANT LLC,MT PLEASANT,TX,https://orthopedic.io/physio-clinic/rehabme-mpleasant-llc-mt-pleasant-tx,RehabME,,https://www.facebook.com/rehabme.2023
1346008752,SACRED HEARTS HEALTHCARE INC,HOUSTON,TX,https://sacredhearts.org,sacredheartsacademy,,https://www.facebook.com/Sacredhearthomehealthcare
1205031200,RATCLIFF YOUTH AND FAMILY SERVICES,DUNCANVILLE,TX,https://www.ratcliffservices.org,Ratcliff Youth and Family Services,,https://www.facebook.com/ratcliffyfs
1992585848,"SENIOR CARE TRANSITIONS, LLC",CARROLLTON,TX,https://seniortransitions.org,"Senior Care Transitions, LLC",,https://www.facebook.com/SeniorCareTransitionsLLC
1942138169,SAFE HAVEN HOME HEALTH CARE LLC,KATY,TX,https://safehaven.org,safehaven,,https://www.facebook.com/safehavenhhc
1235051715,"RESTORE HOMECARE SERVICES, LLC",KATY,TX,,Restore Home Health Care,,https://www.facebook.com/Restore.HHC
1205534260,RUTHIE MAE'S GRANDBABY LLC,HOUSTON,TX,,Ruthie Mae Boutique,,https://www.facebook.com/ruthiemaebtq
1689420994,REVIVE HOME CARE INC.,EL PASO,TX,,Revivehomehealthcare (@revivehomehealthcare.2025),,https://www.facebook.com/revivehomehealthcare.2025
1679280879,SACRED FAITH HOME CARE,EL PASO,TX,,1st Faith Home Care Service LLC,,https://www.facebook.com/1stfaithhomecare
1174491641,SIMPLY SERENITY HEALTHCARE AGENCY LLC,TYLER,TX,https://simplyserenity.net,SimplySerenityMassageTherapyPainManagement,,https://www.facebook.com/SerenityHealthcareLLC
1669326476,SI-RENE LLC,CELINA,TX,,Nísh Rene' LLC,,https://www.facebook.com/nishrenejewerly
1104629120,SERENITY PRO HOME CARE LLC,KENNEDALE,TX,https://serenitypro.org,Serenity Home Care Services LLC,,https://www.facebook.com/serenityhcs
1639751647,"HOME HEALTH OF ARIZONA, LLC",PHOENIX,AZ,https://phoenix-home-care.com/agencies/home-health-of-arizona-llc,"Home Care of Arizona, LLC",,https://www.facebook.com/homecareofarizona
1497239354,"LOVING MEMORIES HOMECARE SERVICES, LLC",KISSIMMEE,FL,https://findcontinuingcare.com/home-care/fl/kissimmee/loving-memories-homecare-s,Making Memories Homecare (@making.memories.homecare ...,,https://www.facebook.com/making.memories.homecare
1568256857,CROWN VICTORIA HEALTHCARE SVCS LLC,RICHMOND,TX,https://houstonhomecare.org/agencies/crown-victoria-healthcare-svcs-llc,Victoria Healthcare,,https://www.facebook.com/VictoriaHealthcareVietNam
1528846623,SNATCHD BODY GODDESS BY TINK LLC,RICHMOND,TX,,SnatchdGoddess Ginger,,https://www.facebook.com/snatchdgoddess.ginger
1992556922,SKYVIEW HOME HEALTH SERVICES INC,HOUSTON,TX,,SkyView Services,,https://www.facebook.com/skyviewsvcs
1295012870,"SR GOLDEN HEART PROVIDER CARE AND TRANSPORTATIPON SERVICES, LLC",HOUSTON,TX,,Golden Home Healthcare,,https://www.facebook.com/goldenhcpa
1295513760,BROWN STAFFING SOLUTIONS LLC,SUN CITY CENTER,FL,,"Brown Networking Solutions, LLC.",,https://www.facebook.com/BrownNetworkingSolutions
1164394789,TARGET MULTI SERVICE LLC,HOUSTON,TX,,NN Multiservice LLC,,https://www.facebook.com/nnmultiservicellc
1568264695,SUPERIOR HOME HEALTHCARE AGENCY LLC,FORT WORTH,TX,,FacebookSuperior Insurance Agency,,https://www.facebook.com/SuperiorHomeHealthCareServices
1811131766,"TREASURE CARE HOME HEALTH, INC.",HOUSTON,TX,,Treasure Services Inc. Home Care,,https://www.facebook.com/TreasureServicesInc
1417530759,"ALTERNATIVE MEDICAL HEALTHCARE SERVICES, CORP.",HALLANDALE BEACH,FL,https://alternativemedical.com,DomainMarketCom,,https://www.facebook.com/alternativecareoptions
1578418190,TEMPLE CAREGIVING COMPANY LLC,TEMPLE,TX,,Temple Care LLC,,https://www.facebook.com/TempleCareLLC
1790488625,TRIPLE ACE CONSULTING HEALTHCARE LLC,SUGAR LAND,TX,https://tripleaceconsulting.com,Triple A Healthcare Consulting,,https://www.facebook.com/tripleahealthcare
1689390338,"A PERFECT CHOICE HOME CARE, LLC",FORT MYERS,FL,https://aperfectchoicehomecare.com,aperfectchoicehomecare,,https://www.facebook.com/perfect.choice.llc
1174149165,TOP CAREGIVERS LLC,PEARLAND,TX,https://orthopedic.io/physio-clinic/top-caregivers-llc-pearland-tx,Top Senior Caregivers,,https://www.facebook.com/topseniorcaregivers
1689412017,SUPERIOR HEALTH SERVICES,DALLAS,TX,,Superior Health Services,,https://www.facebook.com/superiorhealths
1154666014,TARONICA CNA,DALLAS,TX,,Taronica Reed,,https://www.facebook.com/taronica.reed
1629814207,THE RICHE LIVING CARE LLC,CEDAR HILL,TX,,Richest Living,,https://www.facebook.com/richest.living
1336943240,TEXAS BEST SERVICE PRO,MESQUITE,TX,,AmeriBest Home Care: 1800- HOMECARE,,https://www.facebook.com/AmeriBest
1871705426,TYNET HEALTHCARE INC,GARLAND,TX,,TynetUSA,,https://www.facebook.com/tynetusa
1003009788,"CENTRAL CARE SERVICES, INC.",WEST PALM BEACH,FL,https://www.centralcareservices.com,"Central Home Care (@centralhome.care) • Facebook, Connect ...",,https://www.facebook.com/centralhome.care
1619696440,"TRUE CARE SERVICES, LLC",BROWNSVILLE,TX,,True Home Care LLC.,,https://www.facebook.com/truehomecarellc
1265283949,UNEO HEALTHCARE LLC,HOUSTON,TX,,Uneo,,https://www.facebook.com/uneohealth
1528281433,VICTORY FIVE HEALTHCARE INC,IRVING,TX,,Victory Health,,https://www.facebook.com/victoryhealthgville
1548851751,"UNIQUE HOME CARE SERVICES, INC.",ARLINGTON,TX,,Unique Home Care Service LLC,,https://www.facebook.com/unique.home.care.service.llc
1558470773,VITAL HEALTH CARE INC.,EDINBURG,TX,,Vital Health Company,,https://www.facebook.com/vitalhealthcompany
1922681477,"ANGIE'S ANGELS HOME HEATH CARE, LLC",PHOENIX,AZ,http://angiesangelshomehealthcare.com,AAHHCLLC,,https://www.facebook.com/angelsofcare
1538763933,WELLS HEALTHCARE INC,SUGAR LAND,TX,,Wells Healthcare,,https://www.facebook.com/wells.healthcare
1235433053,WINNERS WELLNESS SERVICES INC,MESQUITE,TX,https://winnerswellnessphh.com,Winners Wellness Services Pediatric and Home Health,,https://www.facebook.com/winnerswellnesssmesquite
1265295737,WYNDER HEALTHCARE,RICHMOND,TX,https://houstonhomecare.org/agencies/wynder-healthcare-llc,Richard Wynder,,https://www.facebook.com/richard.wynder.5
1578479614,VITALCORE HEALTH CARE LLC,KATY,TX,https://www.vitalcorehealthcare.org,"VitalCore (@vitalcore.vitalcore) • Facebook, Connect with friends",,https://www.facebook.com/vitalcore.vitalcore
1427873884,ZENITH HOME HEALTH CARE LLC,CEDAR HILL,TX,https://www.zenithhomehealthcarellc.com/contact-us,zenith home care,,https://www.facebook.com/zenith.home.care
1699654764,"VITAL HORIZON CARE, LLC",HOUSTON,TX,,Vital Horizon,,https://www.facebook.com/TheVitalHorizon
1174785463,"A&G LOVE N' CARE, INC.",MIAMI,FL,,Love N Care,,https://www.facebook.com/lovencarepreschooldavie
1659215325,"ABLE BODY COMPANION, LLC",ST PETERSBURG,FL,https://ablebodycompanion.com,Able Mind & Body Home Care,,https://www.facebook.com/AbleMindandBodyHomeCare
1902647431,ABOVE & BEYOND VETERANS HOMECARE INC,BOCA RATON,FL,https://abovebeyond.org,AboveBeyondTeaching,,https://www.facebook.com/ABOVEANDBEYONDHOMEHEALTHCARE
1013536481,SENIOR HOMECARE OPTIONS,HUDSON,FL,https://findcontinuingcare.com/home-care/fl/hudson/senior-homecare-options-h0565,Unique HomeCare Options,,https://www.facebook.com/uniquehomecareoptions
1710163100,"A MOMENTS NOTICE HOME CARE;, INC",JUPITER,FL,,Moment’s Notice Repair,,https://www.facebook.com/momentsnoticerepair
1700673290,A PLACE CALL HOME,LAUDERHILL,FL,,A Place Called Home,,https://www.facebook.com/aplacecalledhome
1609714500,COTTAGE HOME CARE AZ LLC,PHOENIX,AZ,,Cottage Home Care,,https://www.facebook.com/cottagehomecareofficial
1295520963,DOLORA'S HELPING HANDS LLC,PHOENIX,AZ,,HelpingHandsDoulaServicesLLC,,https://www.facebook.com/HelpingHandsDoulaServicesLLC
1447881503,TOTAL PERSONAL CARE LLC,MIAMI,FL,,Total Property Care,,https://www.facebook.com/totalproprtycare
1881456242,CLICK NURSES LLC,TALLAHASSEE,FL,,PointClickCare,,https://www.facebook.com/PointClickCare
1780557637,ZION HOME HEALTH AGENCY CORP,MEDLEY,FL,,Zion home healthcare,,https://www.facebook.com/zionhomehealthcare
1083248355,AAIDEBOOK INC,FORT LAUDERDALE,FL,https://aaidebook.com,Aaidebook,,https://www.facebook.com/aaidebook.white.7
1508403247,A PLACE OF PEACE 2LLC,DELTONA,FL,,Place of Peace Sober Living,,https://www.facebook.com/pleaceofpeacesoberliving
1356733844,"A RIVER'S JOURNEY, LLC",JACKSONVILLE,FL,,"River’s Journey (@river.s.journey.2025) • Facebook, Connect ...",,https://www.facebook.com/river.s.journey.2025
1902208663,A1 FAMILY HEALTHCARE INC,ORLANDO,FL,,A1 Family Physicians Inc.,,https://www.facebook.com/a1familyphysiciansinc
1518570506,IDEAL CARE LLC,PHOENIX,AZ,,idealcareaz,,https://www.facebook.com/idealcareaz
1942894217,TATO HEALTHCARE AGENCY,AVONDALE,AZ,,Tato Naturals Health and Wellness,,https://www.facebook.com/Tatonaturalshealthandwellness
1558910182,"4 HEARTS OF LOVE, LLC",TALLAHASSEE,FL,https://www.care.com/b/l/4-hearts-of-love-llc/tallahassee-fl,caredotcom,,https://www.facebook.com/twoheartsonelovellc
1417738204,5 STAR PREMIUM HOME CARE INC,NORTH MIAMI,FL,,5 STAR HomeCare,,https://www.facebook.com/5StarHomeCare.ASIA
1457796575,ABUELO'S HOME HEALTH CARE LLC,TAMPA,FL,,"Abuelos Home Care (@abuelos.care) • Facebook, Connect with ...",,https://www.facebook.com/abuelos.care
1811792096,MIND HAND HEART INC,NORTH MIAMI BEACH,FL,https://bisprofiles.com/fl/mind-hand-heart-n24000002252,FacebookHeart Hands & Mind Inc,,https://www.facebook.com/MindHandHeart
1114625050,A 1 COMPLETE CARE LLC,JACKSONVILLE,FL,,A1 Complete Services LLC,,https://www.facebook.com/A1CompleteServices
1598387979,A BRIGHTER VISION SERVICES INC.,HIALEAH,FL,,Brighter View Inc.,,https://www.facebook.com/BrighterViewInc
1891662607,TOPHOS CARE LLC,PHOENIX,AZ,,Tophos Tophos,,https://www.facebook.com/tophos.tophos.1
1073816393,"ALL METRO HOME CARE SERVICES OF FLORIDA, INC.",WEST PALM BEACH,FL,,Metro Home Health Care,,https://www.facebook.com/metrohomehealth
1174622716,ALPHA HOME HEALTHCARE LLC,JACKSONVILLE,FL,,"Alpha Home Health Agency, LLC",,https://www.facebook.com/AlphaHomeHealthAgency
1215157557,"ALTERNATIVE HEALTHCARE RESOURCES, INC.",HAINES CITY,FL,,Alternative Natural Healthcare Services Inc.,,https://www.facebook.com/alternativenaturalhealthcare
1497520597,ABOUT KIDS AND ADULTS HOME HEALTH LLC,PHOENIX,AZ,https://aboutkids.com,AboutKidsHomeHealth,,https://www.facebook.com/AboutKidsHealth
1679977979,"ACACIA HOME HEALTH, INC",YUMA,AZ,https://acaciahomehealthaz.com,acaciahomehealth,,https://www.facebook.com/acaciahomehealth
1306291695,A TO Z HOME CARE,PHOENIX,AZ,https://atozhc.com/phoenix-az,CareAtoZ,,https://www.facebook.com/CareAtoZ
1790538429,A PLUS CARE LLC,PHOENIX,AZ,,apluscareagency,,https://www.facebook.com/apluscareagency
1033661855,ACUTE HOME HEALTH CARE INC,MESA,AZ,,AcuteHomeHealthcare,,https://www.facebook.com/AcuteHomeHealthcare
1982461331,ANGELIC COMPLETE HOME HEALTH SERVICES LLC,PHOENIX,AZ,,Angelicwellnesslittlerock,,https://www.facebook.com/Angelicwellnesslittlerock
1568641389,"ADVANCED HOME HEALTHCARE SERVICES OF YUMA,L.L.C",YUMA,AZ,,AMITYHOMECAREOFYUMA,,https://www.facebook.com/AMITYHOMECAREOFYUMA
1760731418,AGAPE GROUP HOME,MARICOPA,AZ,,agapehomesri,,https://www.facebook.com/agapehomesri
1659426567,AIRWAY MANAGEMENT,KISSIMMEE,FL,https://airwaymanagement.com,Society for Airway Management,,https://www.facebook.com/SocietyforAirwayManagement
1801653514,MANIFESTED VISIONS LLC,DICKINSON,TX,,Manifested Visions LLC,,https://www.facebook.com/ManifestedVisionsLLC
1508500992,ALTRUISTIC TOUCH HOME CARE LLC,BRADENTON,FL,https://www.care.com/b/l/altruistic-touch-home-care-llc/bradenton-fl,caredotcom,,https://www.facebook.com/alwaysaltruistic
1053342717,"AGK SOUTHWEST, INC.",TUCSON,AZ,https://feedam.org/resource/545719,feedamericaorg,,https://www.facebook.com/southwestagservices
1609060748,AIDALY CARE LLC,MIAMI LAKES,FL,,Aidaly,,https://www.facebook.com/JoinAidaly
1578446985,AIDALY CARE ORLANDO LLC,ORLANDO,FL,,Aidaly,,https://www.facebook.com/JoinAidaly
1104012392,AIM HIGH THERAPY,PHOENIX,AZ,,aimhighdisability,,https://www.facebook.com/aimhighdisability
1871193334,ALL EXECUTIVE HEALTHCARE AGENCY LLC,JACKSONVILLE,FL,,Executive HealthCare Solutions,,https://www.facebook.com/executivehealthcaresolutions
1760667893,ALL TOTAL CARE LLC,MARGATE,FL,,T.L.C TOTAL CARE,,https://www.facebook.com/tlctotalhomecare
1780901058,"AFFORDABLE HOME HEALTH CARE, INC",W PALM BCH,FL,,"Affordable at Home Care, Inc",,https://www.facebook.com/Affordableathomecare
1124625645,BRIGHT FUTURE BEHAVIORAL HOMES LLC,PHOENIX,AZ,https://brightfuture.org,dashama,,https://www.facebook.com/Brightfuturebehavioral
1215646245,BRIDGECARE ABA AZ LLC,PHOENIX,AZ,https://bridgecareaba.com,getbridgecare,,https://www.facebook.com/getbridgecare
1407518772,365CARE HOME HEALTH AGENCY,MIAMI,FL,https://www.365carehomehealthagency.com,365care Services,,https://www.facebook.com/365careandservices
1366781437,"A COMPASSIONATE COMPANION, INC.",VERO BEACH,FL,,Compassionate Companions Inc.,,https://www.facebook.com/compassionatehelp
1194303792,"CENTER OF ATTENTION, LLC",HOUSTON,TX,https://hospice.io/hospice/center-of-attention-llc-houston-tx,Tammy Trammell Center,,https://www.facebook.com/tammy.trammellcenter
1972525921,"ALL THE BEST HOME HEALTH SERVICES, INC.",BOYNTON BEACH,FL,,AmeriBest Home Care: 1800- HOMECARE,,https://www.facebook.com/AmeriBest
1467210427,BEYOND INFINITY HOME CARE LLC,PHOENIX,AZ,,infinityandbeyondhomecareinc,,https://www.facebook.com/infinityandbeyondhomecareinc
1326938614,CB HOME CARE LLC,PHOENIX,AZ,,cbhomecarellc,,https://www.facebook.com/cbhomecarellc
1366215105,CHOICE HOME HEATH AGENCY LLC,PHOENIX,AZ,,choicehomehealthagency,,https://www.facebook.com/choicehomehealthagency
1659186583,JJ'S HELPING HANDS OF TEXAS,BRYAN,TX,,Helping Hands Of Texas,,https://www.facebook.com/HelpingHandsOfTexas
1205421724,GODIA GROUP OF HOMES,DALLAS,TX,,Godia Estate,,https://www.facebook.com/GodiaEstate
1386580728,GEN Z SUPPORT SERVICES L.L.C,PHOENIX,AZ,,generationtechsupport,,https://www.facebook.com/generationtechsupport
1265034292,GOOD SAMARITAN HEALTHCARE LLC,PHOENIX,AZ,,goodsamaritanhhc,,https://www.facebook.com/goodsamaritanhhc
1437535051,HONEST STAFFING AGENCY,PHOENIX,AZ,,honestconsultingagency,,https://www.facebook.com/honestconsultingagency
1457432676,"HORIZON HOME HEALTH, LC",PHOENIX,AZ,,horizonhomehealthcarellc,,https://www.facebook.com/horizonhomehealthcarellc
1598050890,M&M COMPANIONS INC,HOUSTON,TX,,"Companions, Inc Fairbanks",,https://www.facebook.com/CompanionsInc
1083942056,"MED-CERT HOME CARE ,LLC",GARLAND,TX,,National CERT Association,,https://www.facebook.com/NationalCERT
1033845763,PRIMROSE STAFFING SOLUTIONS LLC,PLANO,TX,,Primrose Home Support Services,,https://www.facebook.com/primrosehomecareservicesllc
1871158170,THE AVIVA GROUP INC.,HOUSTON,TX,,Aviva,,https://www.facebook.com/Aviva
1417754185,TRUSTED PRIMARY HOME CARE LLC,LAREDO,TX,,Trusted Primary Care,,https://www.facebook.com/trustedprimarycare
1568779023,UNIQUE LIVING HEALTH AND WELLNESS FACILITY LLC,SUGAR LAND,TX,,Unique Health and Wellness,,https://www.facebook.com/unikhealthandwellness
1669108437,"VITA HEALTH INITIATIVE, LLC",WILMER,TX,,VITA Health,,https://www.facebook.com/ready4vita
1518182773,"5 STAR HOME HEALTH SERVICES, LLC",GAINESVILLE,FL,,Star Home Healthcare,,https://www.facebook.com/starhomehealthcare
1184858177,"ALL 1 STAR HOME HEALTH CARE, INC.",MIAMI,FL,,FacebookAll Star has PCA and... - All Star Home Health Care,,https://www.facebook.com/alphastarhomehealth
1225121213,ALLIANCE HOME HEALTH INC,MIAMI,FL,https://alliance.com,AllianceShippersInc,,https://www.facebook.com/AllianceHomeHealthLLC
1902729494,"WHOLEPATH COMMUNITY SERVICES, INC.",JACKSONVILLE,FL,,Wholepath Counselling (@wholepath.counselling),,https://www.facebook.com/wholepath.counselling
1669636684,HEARTWELL HOME HEALTH CARE CORP.,DORAL,FL,,Heartwell,,https://www.facebook.com/MakingtheHeartwell
1003976705,"ATLANTIC HOME HEALTH CARE, LLC",SAFFORD,AZ,https://atlantic.net,AtlanticNet,,https://www.facebook.com/AtlanticInHomeCareLLC
1205375854,AT HEART HOME CARE,PEORIA,AZ,https://atheart.net,homeathearthomecare,,https://www.facebook.com/homeathearthomecare
1245175967,HAVEN HAUS II INC.,DALLAS,TX,https://mentaltherapy.io/psychology-clinic/haven-haus-ii-inc-dallas-tx,Haven Haus Tiny homes,,https://www.facebook.com/havenhaustinyhomes
1134237324,JEM HOME HEALTH CARE LLC,MIAMI,FL,,Jem Home Care,,https://www.facebook.com/JemHomeCare
1568120277,LIGHT OF VISION CARE SERVICE LOV LLC,APOLLO BEACH,FL,,Light Of Vision,,https://www.facebook.com/LightOfVision
1063100113,LOVE HOPE AND ABOVE BASICS,ST PETERSBURG,FL,,Hope Basics,,https://www.facebook.com/hope.basics.1
1942162276,NOVA HOME AND CARE LLC,EAGLE LAKE,FL,,Nova HomeCare,,https://www.facebook.com/NovaHomeCarePA
1184937153,AT HOME MEDICAL CARE LLC,TUCSON,AZ,,AtHomeMedicalCarePLLC,,https://www.facebook.com/AtHomeMedicalCarePLLC
1275201808,B HOLDINGS MANAGEMENT LLC,TUCSON,AZ,,ManagementOne,,https://www.facebook.com/ManagementOne
1013130145,BANNER HEALTH,PHOENIX,AZ,,BannerHealth,,https://www.facebook.com/BannerHealth
1356840920,"ALPHA CARE - HOME & HEALTH SERVICES, LLC",DELAND,FL,,Alphacare Home,,https://www.facebook.com/alphacare.home
1255801114,"CASA SPEECH THERAPY, LLC",CHANDLER,AZ,https://casaspeech.com,casaspeech,,https://www.facebook.com/casaspeech
1578618062,ALLEGIANCE HOME HEALTH AND REHAB,BOCA RATON,FL,,Allegiance Home Health & Rehab,,https://www.facebook.com/AHHRehab
1780073809,"COMMUNITY FIRST HOME HEALTH CARE, LLC",CHANDLER,AZ,https://www.communityfirstaz.info/about,communityfirstAZ,,https://www.facebook.com/communityfirstAZ
1336603398,"GO SENIOR TRANSIT, LLC",POMPANO BEACH,FL,,GO Transit,,https://www.facebook.com/GOtransitOfficial
1720816671,ALLCARE HOME HEALTH LLC,MIAMI,FL,,AllCare Home Health LLC,,https://www.facebook.com/AllCare2023
1447122247,COMPASSIONATE COMPANIONS,SAN TAN VALLEY,AZ,https://compassionatecompanions.com,DomainMarketCom,,https://www.facebook.com/compassionatehelp
1447032347,"CHANDLER HOMES, LLC",SURPRISE,AZ,,ChandlerHomesLLC,,https://www.facebook.com/ChandlerHomesLLC
1194900118,CKH & ASSOCIATES,FLAGSTAFF,AZ,,ck.associates.2025,,https://www.facebook.com/ck.associates.2025
1962936021,COMPREHENSIVE MEDICAL SERVICES,PHOENIX,AZ,https://wohms.com/medical-services,comprehensivemedicalcare,,https://www.facebook.com/comprehensivemedicalcare
1275421869,HOME CARE WITH SERENITY LLC,SAINT PETERSBURG,FL,https://local.yahoo.com/info-239579884-home-care-with-serenity-llc-st-petersburg,yahoo,,https://www.facebook.com/serenityhcs
1902444086,PRECIOUS NEIGHBORS HOME HEALTH,KRUM,TX,https://dallashomecare.org/agencies/precious-neighbors-home-health-limited-liabi,Precious Neighbors,,https://www.facebook.com/precious.neighbors
1467122986,"ALTERNATIVE MEDICAL HEALTHCARE SERVICES, CORP",MIAMI,FL,https://alternativemedical.com,DomainMarketCom,,https://www.facebook.com/alternativehealthcarela
1629466867,AC GENETICS LLC,PALM BEACH GARDENS,FL,,Home Genetics,,https://www.facebook.com/home.genetics
1881963676,ACUTE HOME SERVICES CO,HOMESTEAD,FL,,Acute Home Healthcare,,https://www.facebook.com/AcuteHomeHealthcare
1881895175,OUR ALPHA HEALTHCARE SERVICES INC DBA ALPHAHEALTHCARE SERVICES,ARLINGTON,TX,https://ouralphahealthcare.com,ALPHA Health Services,,https://www.facebook.com/AlphaHealthServices
1962914523,EPIC CARE TEAM INC,"AVONDALE, ARIZONA USA,",AZ,,EpicCareHealthLLC,,https://www.facebook.com/EpicCareHealthLLC
1699377549,ETERNITY HOME HEALTH CARE LLC,PHOENIX,AZ,,eternitylifehomehealthcare,,https://www.facebook.com/eternitylifehomehealthcare
1558115386,EVERMORE HEALTHCARE AGENCY,AVONDALE,AZ,,EvermoreCare,,https://www.facebook.com/EvermoreCare
1639651912,A FAITHFUL COMPANION PERSONAL CARE SERVICES INC.,RIVIERA BEACH,FL,,Faithful Companion Care,,https://www.facebook.com/FaithfulCompanionCare
1033400692,ADVANCED NURSING OF SOUTH FLORIDA LLC,CORAL GABLES,FL,https://advancednursing.com,DomainMarketCom,,https://www.facebook.com/rah65SOUTH
1124762075,ALL ABOUT ME CORP.,LAKE WORTH,FL,,About You In Home Care,,https://www.facebook.com/AboutYouInHomeCare
1851701155,ALLURE HOME HEALTHCARE,TAMPA,FL,,Allure Home Care,,https://www.facebook.com/AllureHC
1083932644,ALLSTATE HOME HEALTH CARE INC,PLANTATION,FL,https://allstate.com,Allstate,,https://www.facebook.com/AllStateHHCWPB
1578388120,"AESTHETICS BY STEPHANY, PLLC",APOLLO BEACH,FL,,Stephanie's Aesthetics,,https://www.facebook.com/stephanies.aesthetics.1
1578127601,"ALLIANCE HEALTH CARE OF MIAMI BEACH, LLC.",HALLANDALE BEACH,FL,,CocoBeach Homecare,,https://www.facebook.com/cocobeachhomecare
1699336040,"ALL HOMECARING FLORIDA, INC",FORT MYERS,FL,http://allhomecaringfl.com,HomeCaring Sunshine Coast,,https://www.facebook.com/homecaringsunshinecoast
1265787543,"ABILITY & UNIQUE SUPPORTS AND SERVICE,INC",MIAMI,FL,https://npi-lookup.org/1265787543-ability-unique-supports-and-service-inc-fl,"Unique Management Services, Inc.",,https://www.facebook.com/UniqueLibraries
1093025439,"HOME HEALTH CARE, INC.",PHOENIX,AZ,,ArizonaHomeHealth,,https://www.facebook.com/ArizonaHomeHealth
1528315355,"AGING CONCEPTS, LLC",EUSTIS,FL,,AgingOptions,,https://www.facebook.com/AgingOptions
1518569383,ALLCARE PRIVATE DUTY LLC,TAMPA,FL,,Allcare,,https://www.facebook.com/AllCareHealthServices
1619441391,ALLISON HOWARD,JACKSONVILLE,FL,,Allison Howard,,https://www.facebook.com/allison.howard.528
1518474352,PASSIONATE SOULS HEALTH CARE,BOYNTON BEACH,FL,,Heavenly Soul's Care: Psychiatric Mental Health OfficePassionate Souls Foundatio,,https://www.facebook.com/heavenlysoulscare
1376243790,LOVING SISTER'S HOME CARE LLC,BRIDGETON,MO,https://local.yahoo.com/info-233454045-loving-sister-s-home-care-llc-bridgeton,yahoo,,https://www.facebook.com/sistershomecarellc
1487388856,SENIORS GOLDEN YEARS INC,JACKSONVILLE,FL,https://bisprofiles.com/fl/seniors-golden-years-p22000056029,Golden Years News,,https://www.facebook.com/goldenyearsnews2016
1316369044,"SIGNATURE STAFF SOLUTIONS, LLC",JACKSONVILLE,FL,https://signaturestaff.com,Signature Home Care,,https://www.facebook.com/signaturehomecare
1124979661,ELEVARE HOME CARE LLC,BROWN DEER,WI,,Elevare Home,,https://www.facebook.com/ElevareHome
1427220185,ALL PEOPLE UNITED INC.,HIRAM,GA,,People United Counseling & Consulting,,https://www.facebook.com/peopleunitedllc
1831563170,ALLIANCE HOME CARE SOLUTIONS,ORLANDO,FL,,Alliance Home Care Solution,,https://www.facebook.com/AllianceHomeCareSolution
1376166231,"CARE ON DEMAND 247,LLC",JACKSONVILLE,FL,,Fitness On Demand,,https://www.facebook.com/fitnessondemand247
1013781426,CIRES ROMERO GROUP INC,MIAMI GARDENS,FL,,Chris Romero,,https://www.facebook.com/iChris.Romero
1336992627,SYNKY SOLUTIONS INC,TALLAHASSEE,FL,,Synky Synky,,https://www.facebook.com/synky.synky
1093242216,AFFORDABLE SENIOR CARE INC,OAKLAND PARK,FL,https://bisprofiles.com/fl/affordable-senior-care-p16000080320,Affordable Senior Care,,https://www.facebook.com/affordableseniorcareFL
1235950130,AIDALY CARE TEXAS LLC,SAN ANTONIO,TX,,Aidaly,,https://www.facebook.com/aidalysupport
1235790676,BARBS PLACE INC.,MIRAMAR,FL,,Barbs Place,,https://www.facebook.com/barbs.place.5
1154207405,BETTER AIDE SERVICES LLC,DORAL,FL,,Better Service LLC,,https://www.facebook.com/betterservicellc
1700751237,"EVERYDAY ANGELS CARE SERVICES, LLC",MIAMI,FL,,Everyday Angels,,https://www.facebook.com/everyday.angels.2025
1649125717,FENELUS GROUP CARE FACILITY LLC,ORLANDO,FL,,"Carole Fenelus (@carole.fenelus) • Facebook, Connect with friends",,https://www.facebook.com/carole.fenelus
1033064001,FRANCE HOME HEALTHCARE AND TRANSPORTATION SERVICES LLC,STUART,FL,,France Luxe Transportation,,https://www.facebook.com/francois.francelinfrancescar
1053836536,GLORIAS ANGELS LLC,JACKSONVILLE,FL,,Glorias Angels,,https://www.facebook.com/glorias.angels.9
1427982693,SHINE YOUR LIGHT CARE LLC,POINCIANA,FL,,Shine Your Light,,https://www.facebook.com/ShineYourLightSelfCare
1356234181,MEDICAL CENTERS OF AMERICA LLC,CASSELBERRY,FL,https://www.medicarelist.com/chiropractor/medical-centers-of-america-llc-casselb,The Centers,,https://www.facebook.com/TheCentersAR
1366178790,SURROUNDED BY LOVE SUPPORT SERVICES LLC,JACKSONVILLE,FL,,Surrounded By Love,,https://www.facebook.com/SurroundedByLuv
1750148086,ABUNDANT HEARTS HEALTH CARE LLC,LAUREL,MS,,Able Hearts Homecare,,https://www.facebook.com/able.hearts.healthcare
1215848247,ADDIE MAES ELDERLY CARE LLC,WARREN,MI,,Warren Addie,,https://www.facebook.com/warren.addie
1467141705,HELPING HANDS OF LAND O LAKES,LAND O LAKES,FL,,Land O'Lakes,,https://www.facebook.com/LandOLakes
1023975349,PREMIUM STANDARD HOME HEALTH OF FLORIDA INC,FORT LAUDERDALE,FL,https://local.yahoo.com/info-240675542-premium-standard-home-health-of-florida-i,yahoo,,https://www.facebook.com/premiumhomeservice
1023877784,A HAND OF JOY LLC,PHOENIX,AZ,https://ahandofjoy.org,Hands on Hand Home Care,,https://www.facebook.com/handsonhandhomecare
1447190350,UNITY HEALTH SERVICES LLC,GIBSONTON,FL,https://local.yahoo.com/info-241331979-unity-health-services-llc-gibsonton/;_ylt,yahoo,,https://www.facebook.com/UnityHealthCareInc
1922977735,ONENA HOME HEALTHCARE LLC,BALTIMORE,MD,https://mch.211md.org/search/71f2b5f9-bb41-5dac-88be-cfa288bcb812,Onena Clinicus,,https://www.facebook.com/Onenamx
1295714772,"ADVANCE HOME CARE, INC.",MIAMI,FL,https://npi-lookup.org/1295714772-advance-home-care-inc-fl,Advance Home Care (@advance.h.care.7),,https://www.facebook.com/advance.h.care.7
1578317467,4TH GENERATION HOME CARE SERVICE LLC,PHOENIX,AZ,,GenerationsHC,,https://www.facebook.com/GenerationsHC
1346091170,1 HOME CARE SERVICES LLC,TAMPA,FL,,ACE 1 Home Health Care Services,,https://www.facebook.com/Ace1HomeHealthCareServices
1457590283,"1 STOP MEDICAL STAFFING, INC",TARPON SPRINGS,FL,,One Stop Recruiting and Medical Billing,,https://www.facebook.com/1stoprecruiting
1235089517,1GODLIFE PRODUCTIONS LLC,WINTER HAVEN,FL,,Godlike Productions,,https://www.facebook.com/godlikeproductions
1093104721,"1ST PRIORITY HOME HEALTH CARE, INC.",MIAMI LAKES,FL,,"Priority Home Health Care, Inc.",,https://www.facebook.com/priorityhhc
1245788421,"1ST ADVANTAGE HEALTHCARE ALLIANCE, LLC",WESTON,FL,,First Advantage,,https://www.facebook.com/FirstAdvantage1
1457163818,THE CAREGIVING COMPANY LLC,FAYETTEVILLE,GA,,Love And Care Caregiving Services,,https://www.facebook.com/loveandcarecaregiving
1104774298,THE CAREGIVING COMPANY LLC,MADISON,WI,,Cornerstone Caregiving LLC,,https://www.facebook.com/CornerstoneCaregiving
1619843752,CARESTAFF SOLUTIONS LLC,MIAMI,FL,,Carestaff Solutions,,https://www.facebook.com/Carestaffsolutions
1245795772,2 WELCOMING ARMS LLC,PORT SAINT LUCIE,FL,https://www.2welcomingarms.com,Loving Arms Home Care,,https://www.facebook.com/LovingArmsHomeCareSouthGa
1417279183,"1ST CHOICE VISITING NURSES, LLC",KISSIMMEE,FL,,Visiting Nurse Home Care & Hospice of Carroll CountyVisiting Nurse Private Home ,,https://www.facebook.com/VisitingNurseHomeCareHospiceOfCarrollCounty
1730259656,"1ST CLASS HOME HEALTH, INC",DORAL,FL,,First Class Home Health Inc,,https://www.facebook.com/FirstClassHomeHealthInc
1033393350,1ST HOME HEALTH CARE INC,MIAMI,FL,,1st Home Care Solutions,,https://www.facebook.com/1sthomecaresolutions
1912549213,1ST RESPONSE HOME HEALTH LLC.,BOCA RATON,FL,,First Response Home Services,,https://www.facebook.com/FirstResponseHomeServices
1164268488,2 B TOUCHED BY ANGEL,ORLANDO,FL,,Touched by an Angel,,https://www.facebook.com/TouchedByAnAngel
1760623334,24-7 ELDER CARE INC.,HIGHLAND BEACH,FL,,Elder Care Solutions,,https://www.facebook.com/ElderCareSolutionsInc
1043921109,1121 DREAM HOME,PLANO,TX,https://1121dreamhome.com,1121dreamhome,,https://www.facebook.com/1121dreamhome
1275035727,1 VISION 1 GOAL HOMECARE INC,HEARTLAND,TX,,"1Struggle 1Vision, Inc.",,https://www.facebook.com/1struggle1vision
1184805780,"1ST ABLECARE HEALTHCARE SERVICES, LLC.",MANSFIELD,TX,,AbleCare Services,,https://www.facebook.com/ablecareservice
1295786200,"1ST CHOICE HEALTHCARE SERVICES,INC.",HOUSTON,TX,,"1st Choice Healthcare, Inc.",,https://www.facebook.com/1stChoiceHealthcareInc
1699913251,1ST NORTHSTAR HOME HEALTH SERVICES INC.,RICHARDSON,TX,,northstar home services,,https://www.facebook.com/northstarcomp
1508893835,1ST PRECIOUS HEALTH SERVICES INC.,GRAND PRAIRIE,TX,https://1stprecioushome.com/contact-us,Precious Health Services 2,,https://www.facebook.com/Precioushealthservices
1659291169,2 FRIENDS HOME HEALTH AND HOSPICE,DALLAS,TX,,Family Friends Home Health Care,,https://www.facebook.com/familyfriendshomecare
1386830081,"2 HARVEST, INC.",DENTON,TX,,Second Harvest Inc,,https://www.facebook.com/SecondHarvestInc
1881572527,A BRIGHTSIDE HOMECARE LLC,PHOENIX,AZ,,brightsidehomecarellc,,https://www.facebook.com/brightsidehomecarellc
1023274701,"24/7 CARING HOME CARE SERVICES, INC.",MESA,AZ,,CaringHomeCareInc,,https://www.facebook.com/CaringHomeCareInc
1083220891,360CARE,GILBERT,AZ,,360carehealthcarerecruiting,,https://www.facebook.com/360carehealthcarerecruiting
1346060456,2ND HOME SKILLED CARE SERVICES ARIZONA LLC,PHOENIX,AZ,,Bethel Skilled Home Care LLC,,https://www.facebook.com/bethelskilledhomecare
1275346124,A HOPEFUL HOME LLC,PHOENIX,AZ,,hopeful.home,,https://www.facebook.com/hopeful.home
1619829611,A LOVING HEART HOMECARE LLC,SCOTTSDALE,AZ,,lovinghearthomecarellc,,https://www.facebook.com/lovinghearthomecarellc
1437725322,"A PLUS BLOSSOM HOME CARE,LLC",CAVE CREEK,AZ,,aplushomecarellc1,,https://www.facebook.com/aplushomecarellc1
1124393947,A PLUS HOME HEALTH SERVICES LLC,TEMPE,AZ,https://www.autumnpassages.com/us/home-health-agencies/az/tempe/a-plus-home-heal,aplushhs,,https://www.facebook.com/aplushhs
1316194806,A BETTER SOLUTION IN HOME CARE LLC.,PHOENIX,AZ,https://abettersolutioninhomecare.com,absihc,,https://www.facebook.com/abettersolutionhomecare
1083356638,A HEART FULL OF LOVE HOME HEALTH LLC,PHOENIX,AZ,,Full Heart Home Care LLC,,https://www.facebook.com/FullHeartHomeCare
1154752343,A.M.I. HOMECARE,PHOENIX,AZ,,AandMHomeCareMaine,,https://www.facebook.com/AandMHomeCareMaine
1609515634,A1 HOME CARE LLC,MESA,AZ,,a1homecarellc,,https://www.facebook.com/a1homecarellc
1487142394,AAA HOME CARE LLC,SCOTTSDALE,AZ,,AaaHomeCareLlc,,https://www.facebook.com/AaaHomeCareLlc
1023378056,AABLE NURSES,GLENDALE,AZ,,aable.martinez,,https://www.facebook.com/aable.martinez
1871344697,ABLE BEGINNINGS HEALTHCARE LLC,GILBERT,AZ,,AbleBeginnings,,https://www.facebook.com/AbleBeginnings
1023998358,ABLE AND DEVOTED HEARTS LLC,PHOENIX,AZ,,Able Heart,,https://www.facebook.com/AbleHeartMusic
1831021567,ABLESSED HOME CARE LLC,PHOENIX,AZ,,Ablessed worker,,https://www.facebook.com/AblessedWorker
1801633144,ABUNDANT BLESSINGS HOMECARE,PHOENIX,AZ,,phoenix.blessings,,https://www.facebook.com/phoenix.blessings
1720809692,ABOVE ALL PLIGHTS HOME SERVICES,TEMPE,AZ,,aboveallhomeservicesllc,,https://www.facebook.com/aboveallhomeservicesllc
1427912732,"ACCURA HOME HEALTH SERVICES, LLC",GLENDALE,AZ,,accuratehomecare,,https://www.facebook.com/accuratehomecare
1649338252,ACE HEALTH CARE SERVICES INC,TUCSON,AZ,,AceCareHS,,https://www.facebook.com/AceCareHS
1912116948,"ACHIEVEMENT HOME HEALTHCARE, LLC",SCOTTSDALE,AZ,,achievementhealthgroupllc,,https://www.facebook.com/achievementhealthgroupllc
1235386566,"ACTIVE PERSONAL CARE SERVICES, LLC",CHANDLER,AZ,,acepersonalheathcareservicesllc,,https://www.facebook.com/acepersonalheathcareservicesllc
1689552887,ACCUCARE HOME CARE LLC,PHOENIX,AZ,https://accucare.com,AccuCareHomeNurses,,https://www.facebook.com/AccuCareHomeNurses
1376323105,ABILITY HOME HEALTH CARE AGENCY LLC,MESA,AZ,https://phoenix-home-care.com/agencies/ability-home-health-care-agency-llc,abilityhomehealthservices,,https://www.facebook.com/abilityhomehealthservices
1356933923,"ABSOLUTE HOME CARE, LLC",PHOENIX,AZ,https://absolute.com,absolutehomecarechicago,,https://www.facebook.com/absolutehomecarechicago
1679353031,ABSOLUTE SOFTLIFE HOMECARE CORPRATION,PHOENIX,AZ,https://sevah.ai/home-care/az/1679353031/absolute-softlife-homecare-corpration,absolutehcbs,,https://www.facebook.com/absolutehcbs
1164266185,ABIDE HOME HEALTH CARE LLC,MESA,AZ,https://www.abidehomehc.com/abide-home-health-care-contact-us,abidehomehealthcare,,https://www.facebook.com/abidehomehealthcare
1659751006,ADVANCE HOME HEALTH CARE LLC,MESA,AZ,,AdvancedHomeHealthHospice1,,https://www.facebook.com/AdvancedHomeHealthHospice1
1043036122,ADVANCED HOME HEALTH AGENCY,ORO VALLEY,AZ,,advancedhomehealthcareagency,,https://www.facebook.com/advancedhomehealthcareagency
1366620130,ADVANCED SENIOR CARE AGENCY,TEMPE,AZ,,advancedseniorcaresvcs,,https://www.facebook.com/advancedseniorcaresvcs
1255915344,ADONAI CARE LLC,PHOENIX,AZ,,Adonai Care,,https://www.facebook.com/adonai.care
1144541558,AFFECTIONATE PROFESSIONAL HOME CARE LLC,GILBERT,AZ,,affectionatecare,,https://www.facebook.com/affectionatecare
1972337749,ADULT CARE EXPERTS,PHOENIX,AZ,,Adult Care Advisors,,https://www.facebook.com/AdultCareAdvisors
1598381725,"ACACIA CARE, LLC",PHOENIX,AZ,https://autismlifeandliving.org/directory/acacia-care,Autismlifeandliving,,https://www.facebook.com/acacia.care
1083171656,AGAPE HOME HEALTH LLC,GLENDALE,AZ,,agapehomehealth,,https://www.facebook.com/agapehomehealth
1114575008,AGAPE'S LOVE,SURPRISE,AZ,,agapeslovehomecare,,https://www.facebook.com/agapeslovehomecare
1720650070,AHAVA HEALTHCARE LLC,GILBERT,AZ,,ahavahc,,https://www.facebook.com/ahavahc
1063835973,ALL HOME CARE LLC,PHOENIX,AZ,,CareAboveAllHC,,https://www.facebook.com/CareAboveAllHC
1770542292,HELEN R. JAFFA PC,MESA,AZ,,helen.pc.92,,https://www.facebook.com/helen.pc.92
1174773238,AFFORDABLE HOME CARE SOLUTIONS,SCOTTSDALE,AZ,https://affordablesolutions.org,affordablesolutions.ltd,,https://www.facebook.com/affordablehomecaresolutions
1689490773,AIDWELL HEALTHCARE,BUCKEYE,AZ,https://hospice.io/hospice/aidwell-healthcare-buckeye-az,aidwellhealthcare,,https://www.facebook.com/aidwellhealthcare
1134983984,ALL FOR ONE HOMECARE LLC,TUCSON,AZ,https://allforonehomecare.com,AllForOneHomeCare,,https://www.facebook.com/AllForOneHomeCare
1952617680,"AFFINITY HOLDINGS, LLC",PHOENIX,AZ,https://affinity.com,ASE Affinity Holdings Inc.,,https://www.facebook.com/aseaffinityholdings
1235493289,"ADVISACARE HEALTHCARE SOLUTIONS, INC",PHOENIX,AZ,https://advisacare.com/advisacare-locations,AdvisaCareGR,,https://www.facebook.com/AdvisaCareGR
1770819757,"ADVANTAGE HEALTH, INC",YUMA,AZ,https://review.care/homehealthcare/id/37280/advantage-health-inc-yuma-az,NursingHomeReviews,,https://www.facebook.com/AdvantageHealthAZ
1366363806,"AGING WELL CARE, LLC",ANTHEM,AZ,https://aging-well-hc.com/about-us,AgingWellWNY,,https://www.facebook.com/AgingWellWNY
1114223930,ALL IN ONE HOME HEALTH CARE AGENCY INC,PHOENIX,AZ,,allinonehomehealth,,https://www.facebook.com/allinonehomehealth
1720023872,"ALLIANCE HOME HEALTH CARE, LLC",PHOENIX,AZ,https://alliance.com,AllianceShippersInc,,https://www.facebook.com/AllianceHomeHealthLLC
1992272934,ALL IN ONE HEALTHCARE LLC,PHOENIX,AZ,,Maxim Healthcare,,https://www.facebook.com/MaximHealthcare
1609513613,ALLURA HOME HEALTH AND HOSPICE LLC,GLENDALE,AZ,,allurahealth,,https://www.facebook.com/allurahealth
1609721018,ALPINE WOODS ASSISTED HOME LIVING,MESA,AZ,,alpinewoods,,https://www.facebook.com/alpinewoods
1043581564,ALTRUISTIC SOLUTION LLC,PEORIA,AZ,,altruisticsolutionsinc,,https://www.facebook.com/altruisticsolutionsinc
1346173804,ALLONE HOME HEALTHCARE LLC,PHOENIX,AZ,https://allonehealthcareaz.com/services/home-healthcare,allone.home,,https://www.facebook.com/allone.home
1174469472,ANCHOR OF HOPE COMPANION CARE LLC,EL MIRAGE,AZ,,anchorofhopespecialcare,,https://www.facebook.com/anchorofhopespecialcare
1982466405,ANOVA HEALTH CARE,GILBERT,AZ,,AnovaHealthCareSystem,,https://www.facebook.com/AnovaHealthCareSystem
1093253361,AQUATIC-N-WRITING REHAD,AVONDALE,AZ,,aquaticnwritingrehab,,https://www.facebook.com/aquaticnwritingrehab
1851627608,APPLE TREE HOME HEALTH PLLC,SUN CITY WEST,AZ,https://appletree.net,appletreehomehealth,,https://www.facebook.com/appletreehomehealth
1760190433,ALLIANCE HOME HEALTH LLC,PHOENIX,AZ,https://alliance.com,AllianceShippersInc,,https://www.facebook.com/AllianceHomeHealthLLC
1699457937,ALPHA CARE SERVICES LLC,PHOENIX,AZ,https://hospice.io/hospice/alpha-care-services-llc-phoenix-az,AlphaHomeCareServicesLLC,,https://www.facebook.com/AlphaHomeCareServicesLLC
1487541868,ANCHORS HOMECARE LLC,PHOENIX,AZ,https://anchorshomecare.com,anchorshomecare,,https://www.facebook.com/anchorshomecare
1184973414,APONI HOME HEALTH TEAM,YUMA,AZ,https://aponi-team.com/contact-us,AponiHomecare,,https://www.facebook.com/AponiHomecare
1215171152,ALPHA HEALTHCARE LLC,PHOENIX,AZ,https://phoenix-home-care.com/agencies/alpha-healthcare-llc,AlphaCare007,,https://www.facebook.com/AlphaCare007
1326770835,"ALTRU THERAPY, LLC",MESA,AZ,https://npi-lookup.org/1326770835-altru-therapy-llc-az,altruhealthsystem,,https://www.facebook.com/altruhealthsystem
1033794086,ANSWERS AT HOME LLC,PHOENIX,AZ,,Answers 4 Care,,https://www.facebook.com/Answers4Care
1164014197,ARIZONA SENIOR LIFE LLC,PHOENIX,AZ,https://alhhub.com/find-a-home/arizona-senior-life-llc-phoenix,AZSeniorLife,,https://www.facebook.com/AZSeniorLife
1083083612,"ARIZONA HARMONY HOME HEALTHCARE, LLC",PHOENIX,AZ,,Harmony Home Care (@harmony.homecare),,https://www.facebook.com/harmony.homecare
1578170643,ARIZONA AMERICAN HOSPICE LLC,PHOENIX,AZ,,azamericanhospice,,https://www.facebook.com/azamericanhospice
1457298754,ARIZONA HOME AND CARING COMMUNITY LLC,PHOENIX,AZ,,Caring Communities,,https://www.facebook.com/caringcomm
1265387518,ARIZONA HOME AND CARING COMMUNITY LLC,PHOENIX,AZ,,Caring Communities,,https://www.facebook.com/caringcomm
1174799332,ARRIBA SPEECH PATHOLOGY INC,SCOTTSDALE,AZ,,bigapplespeech,,https://www.facebook.com/bigapplespeech
1508617051,ASHU LINEAGE BEHAVIORAL HEALTH,PHOENIX,AZ,,Ashu Phoenix,,https://www.facebook.com/ashu.phoenix
1952079246,ASHUR ENTERPRISES INC.,CHANDLER,AZ,,ASHARenterprisesllc,,https://www.facebook.com/ASHARenterprisesllc
1992097828,ARIZONA MEDICAL INFUSION,PHOENIX,AZ,https://pharmacygps.com/dme/arizona-medical-infusion-1972825982,Home Infusion Options,,https://www.facebook.com/homeinfusionoptions
1932043858,AT HOME HOME CARE LLC,TEMPE,AZ,,AtHomeCareLLC,,https://www.facebook.com/AtHomeCareLLC
1528313871,ATHENA IN HOME CARE INC,MESA,AZ,,Athenahomecare,,https://www.facebook.com/Athenahomecare
1457898066,ATOMIC WORKER HOME CARE LLC,SCOTTSDALE,AZ,,AtomicHomeHealth,,https://www.facebook.com/AtomicHomeHealth
1932845450,ATTAIN HEALTH,PEORIA,AZ,,attainhealth,,https://www.facebook.com/attainhealth
1023249323,ARIZONA SPEECH PATHOLOGY,TEMPE,AZ,https://www.myhomepro.org/pathologist/arizona-speech-pathology-1223,AZspeech,,https://www.facebook.com/AZspeech
1598069502,ATLANTIS HOMECARE INC,MESA,AZ,https://www.boomershub.com/home-care/arizona/mesa/atlantis-homecare,boomershub,,https://www.facebook.com/atlantichomecareservices
1699187799,"ARIZONAS CHOICE HOME HEALTH AGENCY, LLC",GLENDALE,AZ,https://local.yahoo.com/info-241471003-arizonas-choice-home-health-agency-llc-gl,yahoo,,https://www.facebook.com/choicehomehealthagency
1275206575,ARIZONA FAMILY HEALTH SERVICES LLC,PHOENIX,AZ,https://www.azfhs.com,ArizonaFamilyHealth,,https://www.facebook.com/ArizonaFamilyHealth
1750618575,ATTENTION HOME CARE SERVICE,MESA,AZ,,HOME.attention,,https://www.facebook.com/HOME.attention
1275472391,AVERRA HEALTH LLC,PHOENIX,AZ,,averraclinics,,https://www.facebook.com/averraclinics
1932975281,ATR SERVICES LLC,PHOENIX,AZ,,KMS Private Home Care Services LLC,,https://www.facebook.com/kmsprivatehomecareservices
1871471086,BACK TO HOME HEALTH INC.,VAIL,AZ,,backtohomehealthcare,,https://www.facebook.com/backtohomehealthcare
1568810570,BALDWIN CARE LLC,CHANDLER,AZ,,baldwincpas,,https://www.facebook.com/baldwincpas
1508695081,AZ FIRST HOME CARE INC,PHOENIX,AZ,,First Home Care,,https://www.facebook.com/firsthomecare
1518386465,AZ QUALITY NURSING,PHOENIX,AZ,,AZ Quality,,https://www.facebook.com/AZQualityStaffingInc
1033446034,BANNER HOME CARE COLORADO,PHOENIX,AZ,,Banner Health,,https://www.facebook.com/BannerHealth
1104279777,BAYADA,GLENDALE,AZ,,BAYADAHomeHealthCare,,https://www.facebook.com/BAYADAHomeHealthCare
1134470065,"BAYADA HOME HEALTH CARE, INC.",TUCSON,AZ,,BAYADAHomeHealthCare,,https://www.facebook.com/BAYADAHomeHealthCare
1902847973,"BAYADA HOME HEALTH CARE, INC.",TUCSON,AZ,,BAYADAHomeHealthCare,,https://www.facebook.com/BAYADAHomeHealthCare
1457388910,"BAYADA HOME HEALTH CARE, INC.",TUCSON,AZ,,BAYADAHomeHealthCare,,https://www.facebook.com/BAYADAHomeHealthCare
1932130846,"BAYADA HOME HEALTH CARE, INC.",TUCSON,AZ,,BAYADAHomeHealthCare,,https://www.facebook.com/BAYADAHomeHealthCare
1972897122,"BAYADA HOME HEALTH CARE, INC.",GREEN VALLEY,AZ,,BAYADAMHC,,https://www.facebook.com/BAYADAMHC
1821027020,"BAYADA HOME HEALTH CARE, INC.",SCOTTSDALE,AZ,,BAYADAHomeHealthCare,,https://www.facebook.com/BAYADAHomeHealthCare
1295483980,BACK TO IT THERAPY LLC,LK HAVASU CTY,AZ,https://orthopedic.io/physio-clinic/back-to-it-therapy-lk-havasu-cty-az,getbacktoit,,https://www.facebook.com/getbacktoit
1013452721,BANNER HOME CARE-ARIZONA,TUCSON,AZ,https://www.bannerhealth.com/locations/tucson/banner-home-care-tucson,BannerHealth,,https://www.facebook.com/BannerHomeCareTucson575ERiverRd
1598367120,BANSA ENTERPRISES INC,TUCSON,AZ,https://www.medicarelist.com/mental-health/bansa-enterprises-inc-tucson-az-15983,bansalenterprises1996,,https://www.facebook.com/bansalenterprises1996
1043581846,"BAYADA HOME HEALTH CARE, INC.",TUCSON,AZ,,BAYADAHomeHealthCare,,https://www.facebook.com/BAYADAHomeHealthCare
1447544689,"BAYADA HOME HEALTH CARE, INC.",PRESCOTT,AZ,,BAYADAHomeHealthCare,,https://www.facebook.com/BAYADAHomeHealthCare
1457126039,BELL HARMONY INC.,CASA GRANDE,AZ,,bell.harmony.5,,https://www.facebook.com/bell.harmony.5
1366054850,BETTER FUTURE LLC,PHOENIX,AZ,,Better Future,,https://www.facebook.com/GetBetterFuture
1649798927,BILLET HOME HEALTH INC - BULLHEAD CITY,BULLHEAD CITY,AZ,,billethomehealthandhospicebhc,,https://www.facebook.com/billethomehealthandhospicebhc
1043786270,BLESSED FAMIL LLC,MESA,AZ,,blessedfamilygifts,,https://www.facebook.com/blessedfamilygifts
1366581720,BLUE LADY INC,PHOENIX,AZ,,BLUE LADY,,https://www.facebook.com/blueladytw
1588665210,BOWIE INVESTMENT GROUP INC,PHOENIX,AZ,,The Bowie Team: Property Investment Mortgage Group,,https://www.facebook.com/TheBowieTeamPIMG
1790612976,"CALMWATER HOME HEALTH, INC.",PHOENIX,AZ,,calmwatertraining,,https://www.facebook.com/calmwatertraining
1194294991,BRAD RICE LLC,PEORIA,AZ,,brad.rice.144,,https://www.facebook.com/brad.rice.144
1295609964,BRIGHT ANGEL HOME CARE LLC,PHOENIX,AZ,,Angelcarehavre,,https://www.facebook.com/Angelcarehavre
1386517035,BLOOM,MESA,AZ,https://hospice.io/hospice/bloom-mesa-az,Bloomskills.in,,https://www.facebook.com/Bloomskills.in
1891664694,BRIDGING THE GAP HOMECARE LLC,TEMPE,AZ,https://phoenix-home-care.com/agencies/bridging-the-gap-homecare-llc,BTGHomeCare,,https://www.facebook.com/BTGHomeCare
1104734201,BLISSFUL HEART HOME CARE LLC,PHOENIX,AZ,https://blissfulheart.org,blissfulhc,,https://www.facebook.com/blissfulhc
1407312291,BRIGHTER VIEW LLC,LITCHFIELD PARK,AZ,https://brighterview.org,Brighterviewcoaching,,https://www.facebook.com/BrighterViewCare
1124148945,BUILDING BLOCKS PEDIATRIC THERAPY,CHANDLER,AZ,https://buildingblocks.net,buildingblocks.net,,https://www.facebook.com/BuildingBlocksPeds
1619680451,BLESSED HANDS HOME CARE,GLENDALE,AZ,https://www.blessedhandshomecare.net,blesshands44,,https://www.facebook.com/blesshands44
1750520078,BOWERS THERAPY SERVICES P.L.C,DEWEY,AZ,https://bowerstherapyservi.wixsite.com/website,BowersTherapyServices,,https://www.facebook.com/BowersTherapyServices
1043020258,CAREFORWARD HOME CARE AZ LLC,FLAGSTAFF,AZ,,careforwardinc,,https://www.facebook.com/careforwardinc
1700622768,CAREGIVERS PLUS LLC,SUN CITY,AZ,,caregiversplus.caregiversplus,,https://www.facebook.com/caregiversplus.caregiversplus
1730970401,CAREVIA HEALTH LLC,MESA,AZ,,careviacare,,https://www.facebook.com/careviacare
1376943498,CHILDREN'S THERAPY SPECIALISTS,PHOENIX,AZ,,childrenstherapymn,,https://www.facebook.com/childrenstherapymn
1437158821,CENTERWELL CERTIFIED HEALTHCARE CORP,PRESCOTT,AZ,,CenterWellCareers,,https://www.facebook.com/CenterWellCareers
1285496042,CADENCE HOME HEALTH LLC,MESA,AZ,https://www.cadencehomehealth.com,Cadencehomeoperationsconcierge,,https://www.facebook.com/Cadencehomeoperationsconcierge
1154298511,"CARE CREW, LLC",MESA,AZ,https://phoenix-home-care.com/agencies/care-crew-llc,CareCrewDFW,,https://www.facebook.com/CareCrewDFW
1083836183,"CELEBRITY HOMEHEALTH, INC.",TEMPE,AZ,https://celebrityhomehealth.com,celebrityhomehealthandhospice,,https://www.facebook.com/celebrityhomehealthandhospice
1922737162,CARING PRESENCE IN HOME CARE LLC,PRESCOTT,AZ,https://caringpresence.com,Caring-Presence-1871549206248678,,https://www.facebook.com/CaringPresenceInHomeCare
1356235105,CALLIE'S HELPING HANDS,PHOENIX,AZ,https://callieshelpinghands.com,callie.hands,,https://www.facebook.com/callie.hands
1316255334,CARING TOUCH HOME CARE LLC,YUMA,AZ,https://caringtouch.net,acaringtouchhomecare,,https://www.facebook.com/acaringtouchhomecare
1437185139,CENTERWELL CERTIFIED HEALTHCARE CORP.,PHOENIX,AZ,https://feedam.org/resource/542854,feedamericaorg,,https://www.facebook.com/CenterWellCareers
1366779076,"CENTRAL AZ SPECIAL SERVICES, INC",PHOENIX,AZ,https://sevah.ai/home-care/az/1366779076/central-az-special-services-inc,"Central Specialties, Inc.",,https://www.facebook.com/centralspecialtiesinc
1255097259,CALLIE'S HELPING HANDS,MESA,AZ,https://callieshelpinghands.com,callie.hands,,https://www.facebook.com/callie.hands
1073469730,COMPANION FIRST HOME CARE,SCOTTSDALE,AZ,,compassionfirsthcare,,https://www.facebook.com/compassionfirsthcare
1174052799,COMPLEMENTARY CARE LLC,APACHE JUNCTION,AZ,,complementarycarereflexology,,https://www.facebook.com/complementarycarereflexology
1023896610,CONNECT CARE HOME HEALTH LLC,SCOTTSDALE,AZ,,comconnecthomecare,,https://www.facebook.com/comconnecthomecare
1619478047,"CORAM ALTERNATE SITE SERVICES, INC.",PHOENIX,AZ,,CoramDeoServices,,https://www.facebook.com/CoramDeoServices
1518837558,CONVINI CARE LLC,PHOENIX,AZ,,OfficialConviniHomeware,,https://www.facebook.com/OfficialConviniHomeware
1003751066,COURAGEOUS HOMES LLC,BUCKEYE,AZ,,courageousconstruction,,https://www.facebook.com/courageousconstruction
1104949668,COZY HEALTHCARE INC,MESA,AZ,,cozymesa,,https://www.facebook.com/cozymesa
1629929146,CRADLE OF LOVE LLC,PHOENIX,AZ,,cradleoflovellc,,https://www.facebook.com/cradleoflovellc
1508474420,COMPASSIONATE HEALTH CARE SERVICES,MARICOPA,AZ,https://www.acompassionatehomecare.com,Compassionatehomecarellc,,https://www.facebook.com/compassionatehealthcareservices
1952731572,COMPLETE HOME HEALTH CARE,LAVEEN,AZ,https://complete.net,CompleteHomeHealth,,https://www.facebook.com/CompleteHomeHealth
1043192438,CONSULT ATLAS FOUNDATION,GOODYEAR,AZ,https://consultatlas.org,consultatlas.org,,https://www.facebook.com/consultatlas.org
1033984786,COMPASSIONATE WAYS LLC,PHOENIX,AZ,https://compassionateways.com,Compassionate Cleaning LLC,,https://www.facebook.com/compassionatecleaningLLC
1851167977,CORE HEALTH CARE INC,PHOENIX,AZ,https://hospice.io/hospice/core-health-care-inc-phoenix-az,corehealthcare,,https://www.facebook.com/corehealthcare
1154927812,"COMPASSIONATE SERVICES, INC",GILBERT,AZ,https://phoenix-home-care.com/agencies/compassionate-services-inc,compassionatehhc,,https://www.facebook.com/compassionatehhc
1033449939,CORNERSTONE HEALTH CARE INC,PHOENIX,AZ,https://cornerstone.com,CornerstoneResearchInc,,https://www.facebook.com/Cornerstonecareaz
1144977968,CREEK VIEW HOME HEALTH LLC,PHOENIX,AZ,https://www.creekviewaz.com,creekviewhospice,,https://www.facebook.com/creekviewhospice
1376684332,"CORNWALL HEALTH SYSTEMS, INC",PHOENIX,AZ,https://hospice.io/hospice/cornwall-health-systems-inc-phoenix-az,cornwallmanor,,https://www.facebook.com/cornwallmanor
1457112898,"CONNECTED COLLABORATIONS, LLC",PHOENIX,AZ,https://connectedcollaborations.com,wix,,https://www.facebook.com/synergycollaborations
1053931527,CR & RA INVESTMENTS LLC,PHOENIX,AZ,,CCR Investments LLC,,https://www.facebook.com/ccrinvestments
1457199523,CREDENTIALING AND BILLING LLC,PHOENIX,AZ,,"ZAS Billing and Credentialing Services, LLC",,https://www.facebook.com/billingandcredentialing
1972860708,DAILY COMFORT HOME HEALTH INCORPORATED,SUN CITY,AZ,,thedailycomfortinc,,https://www.facebook.com/thedailycomfortinc
1790454486,CUMBERLAND RESIDENTIAL CARE LLC,TUCSON,AZ,,cumberlandnursingandrehabilitation,,https://www.facebook.com/cumberlandnursingandrehabilitation
1326118217,"CURRY JACKSON AND ASSOCIATES, LLC",CHANDLER,AZ,,curryjackson23,,https://www.facebook.com/curryjackson23
1477105252,DA HOMES LLC,MESA,AZ,,dahomesflorida,,https://www.facebook.com/dahomesflorida
1306443197,DA HOMES LLC,PHOENIX,AZ,,dahomesflorida,,https://www.facebook.com/dahomesflorida
1821543604,DANSTER LLC,AVONDALE,AZ,,danster.gmbh,,https://www.facebook.com/danster.gmbh
1043059603,DARE 2 CARE,BUCKEYE,AZ,,dare2care4cna,,https://www.facebook.com/dare2care4cna
1629759949,DEDICATED HANDS HOME HEALTHCARE LLC,WADDELL,AZ,,dedicatedhandshomecare,,https://www.facebook.com/dedicatedhandshomecare
1881282853,DENTON LAKES LLC,MARICOPA,AZ,,dentonlawncare,,https://www.facebook.com/dentonlawncare
1700888757,DEPENDABLE HOME HEALTH INC.,TUCSON,AZ,,dependablehhc,,https://www.facebook.com/dependablehhc
1861771586,"DESERT SUN HOME HEALTH, LLC",PHOENIX,AZ,https://desertsun.org,thedesertsun,,https://www.facebook.com/thedesertsun
1326921172,DESERT STONE HEALTH CARE INC,PHOENIX,AZ,https://desertstonehh.com,login,,https://www.facebook.com/lifestonehealthcare
1508787607,"DESERT DAWN HEALTHCARE, INC",PHOENIX,AZ,,desertdawncrystal,,https://www.facebook.com/desertdawncrystal
1023840279,DEVOTED CARE FACILITY LLC,LAVEEN,AZ,,devotedcarelllc,,https://www.facebook.com/devotedcarelllc
1790922706,DESERT OASIS HOME HEALTH SERVICES LLC,SCOTTSDALE,AZ,https://desertoasis.net,DesertOasisHealthcare,,https://www.facebook.com/DesertOasisHealthcare
1003406497,"DEVOTED HEALTHCARE, LLC",TUCSON,AZ,https://devotedaz.com,DevotedHealthcareServicesLLC,,https://www.facebook.com/DevotedHealthcareServicesLLC
1144141474,"DESERT DAWN HEALTHCARE, INC",PHOENIX,AZ,https://local.yahoo.com/info-241854336-desert-dawn-healthcare-inc-phoenix/;_ylt=,yahoo,,https://www.facebook.com/desertdawncrystal
1265208276,DIAMOND LAKE HOME HEALTH CARE LLC,PHOENIX,AZ,,DiamondQualityHomeHealthCareLLC,,https://www.facebook.com/DiamondQualityHomeHealthCareLLC
1134920069,"DESTINED FOR CARE AGENCY, LLC",PHOENIX,AZ,,"Destined For More, LLC",,https://www.facebook.com/DestinedForMoreLLC
1699566620,DIVINE CRYSTAL CARE,PHOENIX,AZ,,Divine Crystal Studio,,https://www.facebook.com/divinecrystalstudio
1891981684,"DISCOVERY THERAPY, LLC",GILBERT,AZ,,DiscoveryTherapies,,https://www.facebook.com/DiscoveryTherapies
1669640405,DIVINE TOUCH HEALT SERVICES INC,PHOENIX,AZ,,DivineTouchEnterprises,,https://www.facebook.com/DivineTouchEnterprises
1477910834,DOVES SENIOR CARE,GILBERT,AZ,,DovesCare,,https://www.facebook.com/DovesCare
1740865989,DREAMCATCHER HOME CARE AND TRANSPORT LLC,PINON,AZ,,DreamcatcherCustomize,,https://www.facebook.com/DreamcatcherCustomize
1104650662,DUNAMIS HOME HEALTHCARE SERVICES LLC,MARICOPA,AZ,,DunamisHHS,,https://www.facebook.com/DunamisHHS
1679635072,DYNA CARE ARIZONA LLC,TEMPE,AZ,,DynacareCanada,,https://www.facebook.com/DynacareCanada
1437325453,DIVINE TOUCH HEALTH SERVICES INC,PHOENIX,AZ,,Divine Touch,,https://www.facebook.com/DivineTouchEnterprises
1295934156,"DUAE SORORES, INC.",PHOENIX,AZ,,Sorores,,https://www.facebook.com/sororesbcn
1679723191,"ELITE SPEECH PATHOLOGY, LLC",MESA,AZ,,EliteSpeechCare,,https://www.facebook.com/EliteSpeechCare
1366931420,"E MEDICAL GROUP OF ARIZONA NO. 3, LLC",GREEN VALLEY,AZ,,gvhealthandwellnessgroup,,https://www.facebook.com/gvhealthandwellnessgroup
1598154346,E-THERAPY,FLAGSTAFF,AZ,,ETherapyServices,,https://www.facebook.com/ETherapyServices
1205023074,ELDERCARE FOR LIFE INC,HEREFORD,AZ,,EldercareMiddleTN,,https://www.facebook.com/EldercareMiddleTN
1558191106,ELENA HOME HEALTHCARE,PHOENIX,AZ,,elena.merchand,,https://www.facebook.com/elena.merchand
1902186463,"ELITE HOME HEALTH SERVICES, LLC",PHOENIX,AZ,,ELITE.HHS,,https://www.facebook.com/ELITE.HHS
1649744418,"EDEN HOME HEALTH OF SAFFORD, LLC",SAFFORD,AZ,https://edensafford.com,EmpResHC,,https://www.facebook.com/HavenHealthSafford
1467090597,DYNAMIC KIDS THERAPY AZ LLC,PHOENIX,AZ,https://www.dynamickidsaz.com,AZ Dynamic Therapy PEMF,,https://www.facebook.com/azdynamicpemf
1962753970,ELITECARE HOME HEALTH SPECIALISTS,TUCSON,AZ,,EliteCareHealthServices,,https://www.facebook.com/EliteCareHealthServices
1548983778,EMBRACE HOME HOME HEALTH AGENCY,PHOENIX,AZ,,embrace.homecare,,https://www.facebook.com/embrace.homecare
1346388444,"ENDREDY ENTERPRISES, LLC",MESA,AZ,,peter.endredy,,https://www.facebook.com/peter.endredy
1508796129,ENHANCE HEALTHCARE LLC,PHOENIX,AZ,,EnhancedHealthcarePC,,https://www.facebook.com/EnhancedHealthcarePC
1740193788,EVERCREST HOME CARE,TEMPE,AZ,,evercrest.llc,,https://www.facebook.com/evercrest.llc
1568606192,ESSENTIAL CARE HOME HEALTH INC,GLENDALE,AZ,https://essential.com,essentialhcinc,,https://www.facebook.com/essentialhcinc
1083312359,"EMPOWERING SERVICES, LLC",PHOENIX,AZ,,Empowering Services PC,,https://www.facebook.com/empoweringservices
1376384792,EVERYDAY JOY PEDIATRIC SERVICES,SURPRISE,AZ,,morejoypediatrics,,https://www.facebook.com/morejoypediatrics
1174281729,EXECUTIVE HEALTH AND WELLNESS LLC,GOODYEAR,AZ,,executivehealthwellness,,https://www.facebook.com/executivehealthwellness
1114660834,FAITH HOME HEALTH LLC,PHOENIX,AZ,,faithcareus,,https://www.facebook.com/faithcareus
1124664305,FAMILY CARE HOME HEALTH AND HOSPICE,FLAGSTAFF,AZ,,Familycarehha,,https://www.facebook.com/Familycarehha
1417468265,"FAMILY COMFORT HOME HEALTH, LLC",PHOENIX,AZ,,comforthhccllc,,https://www.facebook.com/comforthhccllc
1336722719,FAMILY CARE CONNECTIONS LLC,GLENDALE,AZ,https://familyconnections.org,peninsulafamilyconnections,,https://www.facebook.com/azfamilycareconnections
1558980342,"FAMILY CHOICE HOME HEALTH CARE, LLC",TUCSON,AZ,https://familychoice.com,familychoicecare,,https://www.facebook.com/familychoicecare
1164218590,ELYSIUM ELEVATED HOME CARE LLC,PEORIA,AZ,https://hospice.io/hospice/elysium-elevated-home-care-llc-peoria-az,elysiumhealth,,https://www.facebook.com/elysiumhealth
1053834887,FAMILY CARE HOME HEALTH & HOSPICE LLC,BULLHEAD CITY,AZ,https://familyhospice.org,FamilyHospice.org,,https://www.facebook.com/Familycarehha
1235079245,EVERBLOOM CARE LLC,CHANDLER,AZ,https://www.everbloomcareco.com,everbloomllc,,https://www.facebook.com/everbloomllc
1447998000,FAMILY CARE CONNECTIONS LLC,SURPRISE,AZ,https://familyconnections.org,peninsulafamilyconnections,,https://www.facebook.com/azfamilycareconnections
1871048025,"FOCUS HOME THERAPY & MEDICAL SERVICES, LLC",PEORIA,AZ,https://focustherapy.com,pages,,https://www.facebook.com/FOCUSTherapy
1265153035,"FAST IV THERAPY, LLC",TEMPE,AZ,,TheFixIVTherapy,,https://www.facebook.com/TheFixIVTherapy
1972452837,FLORISH INC,MESA,AZ,,florishinc,,https://www.facebook.com/florishinc
1629217278,"FOCUS HOME THERAPY & MEDICAL SERVICES, LLC",SCOTTSDALE,AZ,,FOCUSTherapy,,https://www.facebook.com/FOCUSTherapy
1023969029,FOCUSED CARE HOME HEALTH SERVICES LLC,SCOTTSDALE,AZ,,focusedhomehealth,,https://www.facebook.com/focusedhomehealth
1518191113,FOCUS CARE OF ARIZONA LLC,PHOENIX,AZ,,"Focus Care, Inc",,https://www.facebook.com/focuscares
1659850584,G & G RENTALS LLLP,CHANDLER,AZ,,GGrentals2525,,https://www.facebook.com/GGrentals2525
1346957115,GENESIS NEW BEGINNINGS L.L.C.,AVONDALE,AZ,,genesisnbbh.net,,https://www.facebook.com/genesisnbbh.net
1972099257,GOOD SAMARITAN RESIDENTIAL,MARICOPA,AZ,,GoodSamaritanASC,,https://www.facebook.com/GoodSamaritanASC
1750908273,GOOD SHEPHERD HEALTHCARE LLC,PHOENIX,AZ,https://goodshepherd.org,goodshepherdrams,,https://www.facebook.com/goodshepherdllc
1689583486,GRACEFULL HANDS HOMECARE LLC,PHOENIX,AZ,,gracefulhomecare,,https://www.facebook.com/gracefulhomecare
1942885603,GOLDEN PATH HEALTHCARE,GOODYEAR,AZ,https://goldenpath.net,FollowGoldenPath,,https://www.facebook.com/GoldenPathServices
1811402332,FOUNDATION HOME HEALTH LLC,LAKE HAVASU CITY,AZ,https://www.familyassets.com/home-care/arizona/lake-havasu-city/foundation-home-,familyassets,,https://www.facebook.com/foundationhomehealth
1538941422,FORTITUDE HEALTH AND WELLNESS LLC,PHOENIX,AZ,https://fortitudewellness.com,fortitudehealthfitnesstx,,https://www.facebook.com/fortitudehealthfitnesstx
1154038727,GENESIS HOME HEALTH LLC,PEORIA,AZ,https://genesishomehealth.org,GenesisHomeHealthYale,,https://www.facebook.com/GenesisHomeHealthYale
1669938478,GOOD SAMARITAN HOMES,SAN TAN VALLEY,AZ,https://goodsamaritanhomes.org,thegoodsamaritanhomes,,https://www.facebook.com/thegoodsamaritanhomes
1144663394,FOREPAUGH HOME HEALTH CARE,WICKENBURG,AZ,https://forepaugh.com,Forepaughs,,https://www.facebook.com/Forepaughs
1225069024,"FIRSTAT HOME HEALTH SERVICES, LLC",PHOENIX,AZ,https://phoenix-home-care.com/agencies/firstat-home-health-services-llc,Firstat Home Health Services,,https://www.facebook.com/FirstatHomeHealthServices
1356298996,GREEN LEAF HOME CARE SERVICES,GOODYEAR,AZ,,Greenleafhomecares,,https://www.facebook.com/Greenleafhomecares
1447995410,GREENSTAFF MEDICAL STAFFING LLC,PHOENIX,AZ,,GreenstaffUSA,,https://www.facebook.com/GreenstaffUSA
1790256535,GWEN'S ADVANCE CARE,PHOENIX,AZ,,GwensAdvCare,,https://www.facebook.com/GwensAdvCare
1194870014,"HARMONY HOME HEALTH SERVICES, LLC",MESA,AZ,,Harmonyinhomehealthcareinc,,https://www.facebook.com/Harmonyinhomehealthcareinc
1609729284,GUIDING GROWTH THERAPIES LLC,GILBERT,AZ,,GrowthGuiding,,https://www.facebook.com/GrowthGuiding
1063265247,HAND IN HAND HEALTHCARE,SCOTTSDALE,AZ,,handinhandhealthcare,,https://www.facebook.com/handinhandhealthcare
1902670813,"HARMONY PALLIATIVE CARE, LLC",GREEN VALLEY,AZ,,HarmonyHospiceTucson,,https://www.facebook.com/HarmonyHospiceTucson
1528655628,HARPER HEALTH PLLC,TOLLESON,AZ,,HarperHealthConcierge,,https://www.facebook.com/HarperHealthConcierge
1194390336,HAVEN HOME CARE LLC,TEMPE,AZ,,havencaremi,,https://www.facebook.com/havencaremi
1225358591,ALL VALLEY NURSING LLC,PHOENIX,AZ,,allvalleyhomecareservices,,https://www.facebook.com/allvalleyhomecareservices
1497760201,"HEALTH MAX GROUP, LLC",PHOENIX,AZ,,maximgroupllc,,https://www.facebook.com/maximgroupllc
1124798699,HELPING HANDS HEALTHCARE LLC,PHOENIX,AZ,,HelpingHandsHHSA,,https://www.facebook.com/HelpingHandsHHSA
1033324538,HEALTH EXCHANGE OF ARIZONA,PHOENIX,AZ,,Arizona Health Exchange,,https://www.facebook.com/ArizonaHealthExchange
1871289488,HELEN OF TROY HOME CARE LLC,GILBERT,AZ,,helen.gilbert.3133,,https://www.facebook.com/helen.gilbert.3133
1255899696,"HEART TO HEART HOME HEALTH CARE AGENCY, LLC",PHOENIX,AZ,https://hearttoheart.org,heart.to.heart.international,,https://www.facebook.com/hearttoheartfamily
1417595133,GROWING FORWARD THERAPY,MESA,AZ,https://growingforwardtherapy.com,growingforwardtherapy,,https://www.facebook.com/growingforwardtherapy
1124490032,HEALS ON WHEELS,FLORENCE,AZ,https://healsonwheels.us,healonwheels,,https://www.facebook.com/healonwheels
1295259281,HAPPY HOME CARE,PHOENIX,AZ,http://happyhomecare.org,HappyHomeCareArkansas,,https://www.facebook.com/HappyHomeCareArkansas
1619085289,HERITAGE HOME HEALTH CARE OF ARIZONIA,MIAMI,AZ,,HeritageHomeCareAZ,,https://www.facebook.com/HeritageHomeCareAZ
1104788116,HELPERS HAND HOMECARE SERVICES,PHOENIX,AZ,,Home Helpers Home Care,,https://www.facebook.com/HomeHelpersSeniorCare
1073213617,HEART AND SOUL NURSING SERVICES. LLC,PHOENIX,AZ,https://heartsoul.org,HeartSoulUtah,,https://www.facebook.com/careforsoulinc
1861558256,"HI PHOENIX, LLC",PHOENIX,AZ,,Phoenix Home Care Inc.,,https://www.facebook.com/phoenixhomecare
1962896720,"HOLISTIC WELLNESS ALLIANCE, LLC",MESA,AZ,,HolisticHealingAlliance,,https://www.facebook.com/HolisticHealingAlliance
1578277489,HOME AND HANDS TOTAL CARE LLC,MESA,AZ,,totalcarehhs,,https://www.facebook.com/totalcarehhs
1093362147,HOME CARE BEES LLC,TEMPE,AZ,,sweetbeescarehome,,https://www.facebook.com/sweetbeescarehome
1164053047,HOME CARE PHX LLC,PHOENIX,AZ,,phoenixhomecare,,https://www.facebook.com/phoenixhomecare
1477364024,HOME HAVEN LIVING LLC,PHOENIX,AZ,,Home Haven.,,https://www.facebook.com/homehavenkk
1487248845,ICARE HEALTH SERVICES LLC,PHOENIX,AZ,https://www.icarehealthllc.org,ICare-Health-Services-LLC-107769011531115,,https://www.facebook.com/iCareHealthServicesLLC
1063331379,HONOR IN HOME HEALTH CARE SERVICES,PHOENIX,AZ,,honortechnologyinc,,https://www.facebook.com/honortechnologyinc
1811129026,"HOPE HEALTHCARE, LLC",PHOENIX,AZ,,HopeHealthcares,,https://www.facebook.com/HopeHealthcares
1578196960,HOPEFAITH HOMECARE INC.,PHOENIX,AZ,,beyondfaithhomecareofwichitafalls,,https://www.facebook.com/beyondfaithhomecareofwichitafalls
1417536764,HUGHES IN HOME SERVICES,PHOENIX,AZ,,HughesHomeServices,,https://www.facebook.com/HughesHomeServices
1700401957,IMANI HOME CARE LIVING LLC,PHOENIX,AZ,,Imanihomecareservice,,https://www.facebook.com/Imanihomecareservice
1972562460,HONORHEALTH,PHOENIX,AZ,https://honorhealth.com,honorhealthcares,,https://www.facebook.com/honorhealthcares
1841218773,HOSPICE OF THE VALLEY,PHOENIX,AZ,https://hospicevalley.com,hospicelosangeles,,https://www.facebook.com/HospiceoftheValleys
1427846211,HONOR AND DIGNITY HEALTHCARE PLLC,PHOENIX,AZ,https://www.sunvalleyhhc.com,Honor,,https://www.facebook.com/honortechnologyinc
1316508518,IMAGINE CARE LLC,PHOENIX,AZ,https://imaginecareaz.com,ImagineCareUK,,https://www.facebook.com/ImagineCareUK
1245699354,HUBAAL HOME HEALTH,PHOENIX,AZ,,Hubaal Medical Health Care,,https://www.facebook.com/hubaalmhc
1447694054,"HUMANA AT HOME, INC.",PHOENIX,AZ,,Humana,,https://www.facebook.com/Humana
1427416429,HYCZ INC,PHOENIX,AZ,,Tina Claire Hycz,,https://www.facebook.com/tina.hycz
1518246305,INK HEALTHCARE GROUP LLC,PHOENIX,AZ,,INK GROUP LLC,,https://www.facebook.com/inkgroupllc
1316108145,INNOVATIVE HOME HEALTH CARE INC,PHOENIX,AZ,,InnovativeHomecareSolutions,,https://www.facebook.com/InnovativeHomecareSolutions
1265104855,"2HELPING HANDS NURSES, LLC",JACKSONVILLE,FL,,HelpingHands Nurses,,https://www.facebook.com/HelpingHandsNurses
1225754070,1 CALL NON-EMERGENCY TRANSPORTATION SERVICE,BALCH SPRINGS,TX,,Care A Van Express Transportation,,https://www.facebook.com/CareAVanExpressTransportation
1396454302,AVIVA HOME HEALTH LLC,SNOWFLAKE,AZ,https://npi-lookup.org/1396454302-aviva-home-health-llc-az,aviva.home.care.2024,,https://www.facebook.com/aviva.home.care.2024
1538951892,ALERA HEALTH CARE,GLENDALE,AZ,,AleraLife,,https://www.facebook.com/AleraLife
1558067363,AMITY HOME CARE OF YUMA,YUMA,AZ,,AMITYHOMECAREOFYUMA,,https://www.facebook.com/AMITYHOMECAREOFYUMA
1497386320,BACHMEIER ENTERPRISES LLC,GOODYEAR,AZ,,joe.bachmeier.5,,https://www.facebook.com/joe.bachmeier.5
1821703687,CARING SENIOR SERVICE USA,PHOENIX,AZ,,CaringSeniorService,,https://www.facebook.com/CaringSeniorService
1821970120,COLLABORATIVE TECHNOLOGY SOLUTIONS LLC,PHOENIX,AZ,,CollaborativeTechnologySolutions,,https://www.facebook.com/CollaborativeTechnologySolutions
1225980774,ANOINTED HANDS HOME HEALTH AND TRAINING CENTER LLC,MESA,AZ,https://anointedhands.net,anointedhandsmedical,,https://www.facebook.com/anointedhands78
1275158719,EMPIRE GROUP HOMES LLC,PHOENIX,AZ,https://www.medicarelist.com/mental-health/empire-group-homes-llc-phoenix-az,EmpireHomes,,https://www.facebook.com/EmpireHomes
1538743232,ELITE HOME CARE SERVICES LLC,TEMPE,AZ,https://azelitehomecare.com,elitehomecareservicesaz,,https://www.facebook.com/elitehomecareservicesaz
1457287385,COPPER STAR CARE LLC,VAIL,AZ,https://www.greatervailchamber.com/members/member/copper-star-home-care-610,GreaterVailAreaChamberOfCommerce,,https://www.facebook.com/CopperStarHomeCare
1427566942,"INSPIRING HOME HEALTH, LLC",PHOENIX,AZ,https://phoenix-home-care.com/agencies/inspiring-home-health-llc,Inspiring Quality Care,,https://www.facebook.com/inspiring.quality.care
1275266785,DELISSIA C LEIVAS LLC,PARKER,AZ,,delissia.c.leivas,,https://www.facebook.com/delissia.c.leivas
1295472835,EXCELSIS ASSISTED LIVING,APACHE JUNCTION,AZ,,inExcelsis.STL,,https://www.facebook.com/inExcelsis.STL
1033687553,HANDS ON HOMECARE LLC,TUCSON,AZ,,handsonhandhomecare,,https://www.facebook.com/handsonhandhomecare
1134622103,HELPING HANDS ADAPT,MESA,AZ,,helpinghandsadapt,,https://www.facebook.com/helpinghandsadapt
1053298414,SOUNDS OF CARE L.L.C,PHOENIX,AZ,,Phoenixsounds2021,,https://www.facebook.com/Phoenixsounds2021
1689254278,"THE FAMILY HELPERS - HOME CARE AGENCY, LLC",PHOENIX,AZ,,HomeHelpersSeniorCare,,https://www.facebook.com/HomeHelpersSeniorCare
1588666721,ALL AT HOME HEALTH CARE LLC,PHOENIX,AZ,https://review.care/homehealthcare/id/37236/all-at-home-health-care-llc-phoenix-,NursingHomeReviews,,https://www.facebook.com/allathomehealth
1316169907,"ALLIANCE HOME HEALTH, LLC",PHOENIX,AZ,https://alliance.com,AllianceShippersInc,,https://www.facebook.com/AllianceHomeHealthLLC
1205785532,ATLAS COMMUNITY CARE AZ LLC,PHOENIX,AZ,,atlas.az.3,,https://www.facebook.com/atlas.az.3
1518706738,ALWAYS FAMILY HOMECARE,CHANDLER,AZ,,allwayshomecareaz,,https://www.facebook.com/allwayshomecareaz
1013331958,"AMIE ROSE ASSISTED LIVING HOME, LLC",TUCSON,AZ,,amie.rose.964673,,https://www.facebook.com/amie.rose.964673
1821733387,ARROW PHYSICAL THERAPY LLC,PHOENIX,AZ,https://arrowphysicaltherapy.net,events,,https://www.facebook.com/ArrowPhysicalTherapy
1235885765,FAMILY HOME HEALTH & HOSPICE LLC,MESA,AZ,https://familyhospice.org,FamilyHospice.org,,https://www.facebook.com/HomeWithFamily
1497336366,HANDS OF HOPE COMMUNITY CARE AGENCY,PHOENIX,AZ,https://phoenix-home-care.com/agencies/hands-of-hope-community-care-agency,Hands of Hope Community,,https://www.facebook.com/HandsofHopeCommunityChurch
1477336675,UPSCALE HOME CARE,PHOENIX,AZ,https://www.care.com/b/l/upscale-home-care/phoenix-az,caredotcom,,https://www.facebook.com/upscalehomecareinc
1679440663,DESTINY HANDS MEDICAL STAFFING,PHOENIX,AZ,https://www.medicarelist.com/mental-health/destiny-hands-medical-staffing-phoeni,destiny.hands.9,,https://www.facebook.com/destiny.hands.9
1417696626,LASMO DYNAMIC CONCEPT LLC,PHOENIX,AZ,https://npi-lookup.org/1417696626-lasmo-dynamic-concept-llc-az,lasmodynamicconcept,,https://www.facebook.com/lasmodynamicconcept
1619780335,DIGNITY FIRST CARE AT HOME LLC,PHOENIX,AZ,,DignityFirstHomeCare,,https://www.facebook.com/DignityFirstHomeCare
1215149620,ELDERCAREPLANNINGPARTNERS DBA RIGHT AT HOME,PHOENIX,AZ,,rightathomespokane,,https://www.facebook.com/rightathomespokane
1205798733,COMPLETE CARE CONNECTIONS,PHOENIX,AZ,,completecareservice,,https://www.facebook.com/completecareservice
1427527019,"ELITE ROYALTY HEALTHCARE, LLC",PHOENIX,AZ,,EliteRoyaltyHealthcareLLC,,https://www.facebook.com/EliteRoyaltyHealthcareLLC
1538802947,FAITH HOME HEALTH LLC,PHOENIX,AZ,,faithcareus,,https://www.facebook.com/faithcareus
1174060156,"JORDAN CARES , LLC",PHOENIX,AZ,,jordanconceptsllc,,https://www.facebook.com/jordanconceptsllc
1629192653,DESERT WINDS THERAPY INC,MESA,AZ,,desertwindsmassage,,https://www.facebook.com/desertwindsmassage
1124854500,ARISE HEALTH SOLUTIONS LLC,TEMPE,AZ,https://arisesolutions.net,joinarisehealth,,https://www.facebook.com/joinarisehealth
1023984788,AMYST HEALTHCARE INC,PHOENIX,AZ,https://www.amysthealthcare.com,amysthealthcare,,https://www.facebook.com/amysthealthcare
1992641344,"DESERT BREEZE HOME HEALTH, LLC",PHOENIX,AZ,https://desertbreeze.com,desertbreezeacandheatinginc,,https://www.facebook.com/desertbreezeacandheatinginc
1083088694,"ENABLE THERAPY SERVICES, LLC",PHOENIX,AZ,https://enabletherapy.org,Enable3282,,https://www.facebook.com/Enable3282
1992548408,DREAMLIFE HEALTH CARE LLC,PHOENIX,AZ,https://dreamlife.org,dreamlifedesign,,https://www.facebook.com/dreamlifecare
1003867896,"IN HOME HEALTH, INC.",PHOENIX,AZ,https://hospice.io/hospice/in-home-health-inc-phoenix-az,Completehomehealthinc,,https://www.facebook.com/Completehomehealthinc
1275300535,AMYST HEALTHCARE INC,PHOENIX,AZ,https://www.amysthealthcare.com,amysthealthcare,,https://www.facebook.com/amysthealthcare
1821564303,PARADISE VALLEY LOVING CARE,PHOENIX,AZ,https://paradise-valley-loving-care-alh.assistedlivingarizona.org,paradise.valley.1029,,https://www.facebook.com/paradise.valley.1029
1063743078,"BAYADA HOME HEALTH CARE, INC.",TUCSON,AZ,,BAYADAHomeHealthCare,,https://www.facebook.com/BAYADAHomeHealthCare
1912291139,"BAYADA HOME HEALTH CARE, INC.",SIERRA VISTA,AZ,,BAYADAMHC,,https://www.facebook.com/BAYADAMHC
1083554711,BRAVE HEARTS CARE SOLUTIONS OF AZ,CHANDLER,AZ,,Cardiac.Solutions.AZ,,https://www.facebook.com/Cardiac.Solutions.AZ
1437891934,BUTTERFLY HANDS HEALTH SERVICES PLLC,CASA GRANDE,AZ,,helpinghandshealthservices,,https://www.facebook.com/helpinghandshealthservices
1215848668,CANYON STATE HOME HEALTH,SAFFORD,AZ,,CanyonHomeCareandHospice,,https://www.facebook.com/CanyonHomeCareandHospice
1164471405,CORAM ALTERNATE SITE SERVICES INC,PHOENIX,AZ,,CoramDeoServices,,https://www.facebook.com/CoramDeoServices
1245304690,CREATIVE THERAPY LLC,SCOTTSDALE,AZ,,creativetherapysolution,,https://www.facebook.com/creativetherapysolution
1205634045,CROSVIC HEALTH AND WELLNESS LLC,AVONDALE,AZ,,ToYourHealthandWellness352,,https://www.facebook.com/ToYourHealthandWellness352
1538408430,BRIGHTSTAR CARE OF PHOENIX,TEMPE,AZ,https://digital.brightstarcare.com/locations/phoenix-tempe/in-home-care,BSCPhoenixTempe,,https://www.facebook.com/BSCPhoenixTempe
1376763219,CARE PARTNERS HEALTH SERVICES INC,AVONDALE,AZ,https://partners.com,CarePartnersHealth,,https://www.facebook.com/CarePartnersHealth
1659690865,"CARING HANDS PEDIATRIC THERAPY, LLC",MESA,AZ,https://caringhandspediatrictherapy.com,caringhandspediatrictherapy,,https://www.facebook.com/caringhandspediatrictherapy
1962209684,PRIMARY PERSONAL SERVICES LLC,PHOENIX,AZ,https://primarypersonal.care/about,PrimaryPersonalServicesLLC,,https://www.facebook.com/PrimaryPersonalServicesLLC
1386382471,BLESSED L HOME CARE LLC,PHOENIX,AZ,https://www.medicarelist.com/mental-health/blessed-l-home-care-llc-phoenix-az,blessed.hearts.home.care.llc,,https://www.facebook.com/blessed.hearts.home.care.llc
1922624220,FIT4 AN EMPOWERED LIFE LLC,PHOENIX,AZ,https://www.medicarelist.com/mental-health/fit4-an-empowered-life-llc-phoenix-az,fit4lifemonroe,,https://www.facebook.com/fit4lifemonroe
1881383461,CALLIE'S HELPING HANDS,PHOENIX,AZ,https://callieshelpinghands.com,callie.hands,,https://www.facebook.com/callie.hands
1477717569,"DIVINITY HEALTHCARE SERVICES, INC.",MESA,AZ,,divinityhealthcareclinic,,https://www.facebook.com/divinityhealthcareclinic
1346555471,EFFECTIVE HEALTHCARE SERVICES,CHANDLER,AZ,,effectiveconsultingservices,,https://www.facebook.com/effectiveconsultingservices
1700230018,ELITE CHOICE HOME HEALTH CARE LLC,TUCSON,AZ,,EliteChoiceAz,,https://www.facebook.com/EliteChoiceAz
1811794100,EXXTRA HANDS WHY SURE WE CAN LLC,CASA GRANDE,AZ,,exxtrahands,,https://www.facebook.com/exxtrahands
1245123942,FOREVER THERE HOME CARE LLC,GLENDALE,AZ,,forevertherehomecare,,https://www.facebook.com/forevertherehomecare
1235911587,FRIENDSHIP CARE LLC,PHOENIX,AZ,,friendshiphealthcarellc,,https://www.facebook.com/friendshiphealthcarellc
1659236602,GIFTED CONSULTING LLC,AVONDALE,AZ,,GiftedConsultingNZ,,https://www.facebook.com/GiftedConsultingNZ
1427437920,GLOBAL VISION SOURCES INC.,SCOTTSDALE,AZ,,TheGlobalVisionInc,,https://www.facebook.com/TheGlobalVisionInc
1528476405,GOSHEN HEALTHCARE &HOSPICE SERVICES,MARICOPA,AZ,,goshenhealth,,https://www.facebook.com/goshenhealth
1851553192,"HEALTH ANGELS COMPANION CARE, INC.",SHOW LOW,AZ,,AngelCompanionsofGA,,https://www.facebook.com/AngelCompanionsofGA
1295254472,HEALTHY LIFESTYLES CONSULTANTS LLC,YUMA,AZ,,HealthyLifestylesOfficial,,https://www.facebook.com/HealthyLifestylesOfficial
1356647440,"HELPING HANDS HOME CARE, LLC",KAYENTA,AZ,,helpfulhandscareLLC,,https://www.facebook.com/helpfulhandscareLLC
1649660317,GUARDIAN ANGEL HOME HEALTHCARE,PHOENIX,AZ,https://guardianangel.net,GuardianAngelHomeHealthCare,,https://www.facebook.com/GuardianAngelHomeHealthCare
1346856374,FAMILY CARE HOME HEALTH & HOSPICE,LAKE HAVASU CITY,AZ,https://familyhospice.org,FamilyHospice.org,,https://www.facebook.com/Familycarehha
1134507361,"DREAMSCAPE HOME CARE SOLUTIONS, LLC.",MESA,AZ,https://www.dreamscapehomecare.com,dreamscapehomecare,,https://www.facebook.com/dreamscapehomecare
1568792372,"FLOWER'S ASSISTED LIVING, INC",LAKE HAVASU CITY,AZ,https://flowersassistedliving.com,flowersseniorliving,,https://www.facebook.com/flowersseniorliving
1386894145,ELITE THERAPY SERVICES LLC,CHANDLER,AZ,https://elitetherapy.net,elitetherapy.wy,,https://www.facebook.com/Elitetherapy18
1902620669,HANDLED HOME CARE LC,PHOENIX,AZ,https://www.handledcare.com,handledhome,,https://www.facebook.com/handledhome
1073837829,"""CHYNA CARES"" HEALTH SERVICES",SPRING,TX,,CARES Health & Wellness,,https://www.facebook.com/CARESHealthWellness
1619724879,1 ACT OF KINDNESS INC,VENUS,TX,,Kindness-Care Home Health,,https://www.facebook.com/KindnessCareHomeHealth
1982460192,A BETTER LIVING HEALTH CARE LLC,PHOENIX,AZ,,FacebookBetter Living Home Care,,https://www.facebook.com/BetterLivingHD
1538947213,AIDALY CARE MSO LLC,PHOENIX,AZ,,aidalysupport,,https://www.facebook.com/aidalysupport
1801174982,ALL CARE INTEGRATED HEALTH SERVICES,PHOENIX,AZ,,Integrated Providers Homecare,,https://www.facebook.com/integratedprovidershomecare
1619409679,ARIZONA PERSONAL CARE SERVICES INC,PHOENIX,AZ,,"Personal Touch Home Care Services, Inc.",,https://www.facebook.com/personaltouchhcs.inc
1558896605,AZ QUALITY NURSING,PHOENIX,AZ,,AZ Quality,,https://www.facebook.com/AZQualityStaffingInc
1760891972,AUTOMOTIVE PERSONNEL NETWORK LLC,PHOENIX,AZ,https://www.medicarelist.com/mental-health/automotive-personnel-network-llc-phoe,Automotive Personnel Placement Service,,https://www.facebook.com/Automotivepersonnel
1770335614,ABREEZE HOME CARE LLC,PHOENIX,AZ,https://abreezehomecare.com/contact,Abreeze Sineke Ka-Ngqungqa,,https://www.facebook.com/abreeze.sineke.ngqungqa
1952761561,"CARING FOUR GENERATIONS, LLC",PHOENIX,AZ,,"Caring Four Generations, LLC",,https://www.facebook.com/caringfourgenerations
1720348626,CHRISTIAN SENIOR CARE OF ARIZONA LLC,PHOENIX,AZ,,Christian Senior Care (@ChristianSeniorCare),,https://www.facebook.com/ChristianSeniorCare
1669169173,CREO THERAPY SOLUTIONS,PHOENIX,AZ,,Creo Solutions LLC,,https://www.facebook.com/creosolutionsllc
1497917041,"GUARDIAN ANGEL HOME CARE, INC.",PHOENIX,AZ,,GuardianAngel HomeCare,,https://www.facebook.com/guardianangelindia
1922412998,1ST CHOICE RESOURCES INC,DALLAS,TX,https://www.care.com/b/l/1st-choice-resources-in-home-care/dallas-tx,caredotcom,,https://www.facebook.com/1stchoiceresources
1235706359,HOPE FOUNDED LLC,PHOENIX,AZ,,The HOPE Bangalore,,https://www.facebook.com/thehopebangalore
1124801246,CRESTHAVEN SERVICES LLC,PHOENIX,AZ,https://cresthaven.com,Cresthaven catering services,,https://www.facebook.com/Cresthavencateringservices
1235913385,SAGUARO CARE LLC,PHOENIX,AZ,,Saguaro Dermatology Greater Phoenix Dermatologists,,https://www.facebook.com/SaguaroDermatology
1609592104,1 CALL NON-EMERGENCY TRANSPORTATION SERVICE,BALCH SPRINGS,TX,,Care A Van Express Transportation,,https://www.facebook.com/CareAVanExpressTransportation
1639687056,"EMPOWER HOME CARE, LLC.",PHOENIX,AZ,https://phoenix-home-care.com/agencies/empower-home-care-llc,Empower Home Health Services,,https://www.facebook.com/EmpowerHomeHealthServices
1215160908,1ST DFW COMMUNITY CONNECTION INC.,DESOTO,TX,,DFW Community Connection,,https://www.facebook.com/DFWcommunityconnection
1952159204,"1ST CAREPLACE AMERICA, LLC",AUBREY,TX,https://dallashomecare.org/agencies/1st-careplace-america-llc,Careplace,,https://www.facebook.com/careplacehealth
1629272919,"CREATIVE NETWORKS, LLC",PHOENIX,AZ,https://www.wellness.com/dir/6409882/home-care/az/phoenix/creative-networks,wellness.com,,https://www.facebook.com/CreativeNetw
1346886876,"2 ORCHIDS LIVING SOLUTIONS, LLC",UNIVERSAL CITY,TX,,Living Orchids,,https://www.facebook.com/livingorchids
1265119309,JOHNSON &PLEAS HOME CARE NURSING SERVICE LLC,TALLAHASSEE,FL,,Pleas Johnson,,https://www.facebook.com/pleas.johnson
1053874578,"SILVER LININGS COMMUNITY CARE, LLC.",ORANGE PARK,FL,https://www.medicarelist.com/mental-health/silver-linings-community-care-llc-ora,Silver Treasures at Orange Park - Assisted Living & Memory ...FacebookSilver Lin,,https://www.facebook.com/SilverTreasuresOP
1750618757,BANNER HOME CARE COLORADO,LOVELAND,CO,,Banner Health,,https://www.facebook.com/BannerNorthColoradoMedicalCenter
1144052838,AIDALY CARE NORTH CAROLINA LLC,CHARLOTTE,NC,,Carolina Home Medical,,https://www.facebook.com/carolinahomemedical
1922820133,AIDALY CARE MAINE LLC,PORTLAND,ME,,The Mainely Dog,,https://www.facebook.com/themainelydog
1093537565,AIDALY CARE NEW HAMPSHIRE LLC,NASHUA,NH,,CARE New Hampshire,,https://www.facebook.com/carenewhampshire
1730412693,24-SEVEN HOME HEALTH LLC,COVINA,CA,,Seven limpieza,,https://www.facebook.com/Seven.homecare
1306303680,"A CIRCLE OF CARE COLORADO, LLC.",COLORADO SPRINGS,CO,https://circleofcarecolorado.com,Circle of Care Colorado,,https://www.facebook.com/circleofcarecolorado
1528720547,NAPERVILLE HOMECARE LLC,NAPERVILLE,IL,,ComForCare Home Care,,https://www.facebook.com/ComForCareNapervilleIL
1598169732,"CAREBUILDERS AT HOME, LLC",NORTH NEW HYDE PARK,NY,,CareBuilders at Home,,https://www.facebook.com/Carebuildershome
1003862012,"ACCENTCARE HOME HEALTH OF CALIFORNIA, INC.",SAN DIEGO,CA,,California Home Care Referrals,,https://www.facebook.com/californiahomecarereferralagency
1992751382,"ACCENTCARE HOME HEALTH OF CALIFORNIA, INC.",REDDING,CA,,California Home Care Referrals,,https://www.facebook.com/californiahomecarereferralagency
1528014982,"ACCENTCARE HOME HEALTH OF CALIFORNIA, INC.",NEWPORT BEACH,CA,,California Home Care Referrals,,https://www.facebook.com/californiahomecarereferralagency
1427053453,"ACCENTCARE HOME HEALTH OF CALIFORNIA, INC.",CORONA,CA,,California Home Care Referrals,,https://www.facebook.com/californiahomecarereferralagency
1952890790,COMFORT COVENANT HOME CARE LLC,INDIANAPOLIS,IN,https://www.comfortcovenanthc.com/home-care-contact-us,ComfortCovenantHC,,https://www.facebook.com/ComfortCovenantHC
1710778733,CORNERSTONE HOME HEALTHCARE LLC,LAWRENCEVILLE,GA,,Cornerstone Home Care,,https://www.facebook.com/cornerstone.h.care
1881922003,1ST AMERICAN CHOICE HOME HEALTH CARE SERVICES LLC,HOUSTON,TX,,"First Choice Home Health Care, LLC",,https://www.facebook.com/1stChoice2021
1255212247,PROSPERITY HOME HEALTHCARE,HOUSTON,TX,,Prosperity Healthcare Services,,https://www.facebook.com/prosperityhealthsvc
1629240254,"ADVANCED HR SOLUTIONS, LTD.",HOUSTON,TX,,Advanced-HR,,https://www.facebook.com/AdvancedHR
1972141778,"ADVANCED CARE HOME HEALTH, LLC",HOUSTON,TX,https://houstonhomecare.org/agencies/advanced-care-home-health-llc,Advanced Care Home Health,,https://www.facebook.com/Advancedchh
1710716840,AIDALY CARE SOUTH DAKOTA LLC,SIOUX FALLS,SD,,Dakota Home Care,,https://www.facebook.com/DakotaHomeCareND
1760292577,AJOKE NURSING CONCIERGE,DALLAS,TX,https://ajokenursingconcierge.com,Conciergenursedallas,,https://www.facebook.com/conciergenursedallas
1477487353,GENERAL SERVICE APPRAISER,SAN FRANCISCO,CA,https://generalservice.org,"ACI, The Appraisers Choice",,https://www.facebook.com/AppraisersChoice
1306160692,ADVANCE 1 HOME HEALTH SERVICES INC.,CEDAR HILL,TX,,"Advance Home Care Solutions, Inc.",,https://www.facebook.com/Advancehomecaresolutions
1912399205,ADVANT GROUP INC,RICHMOND,TX,,Advant Group,,https://www.facebook.com/Advant.Group
1235063157,THE CAREGIVING COMPANY LLC,GRAND RAPIDS,MI,https://thecaregivingcompany.com/senior-homcare-service-areas,Cornerstone Caregiving LLC,,https://www.facebook.com/CornerstoneCaregiving
1801029327,"ADVANCED HOME & COMMUNITY CARE OF LAREDO, INC.",LAREDO,TX,,Laredo HOME CARE Provider services,,https://www.facebook.com/laredohomecareservices
1851035133,IN GIFTED HANDS HOME CARE OF TEXAS LLP,DALLAS,TX,,Gifted Hands,,https://www.facebook.com/giftedhandscc
1457478018,"ADVENTIST HOME HEALTH SERVICES, INC",PFLUGERVILLE,TX,,Adventist HealthCare Home Care Services,,https://www.facebook.com/AdventistHomeCareServices
1649760182,ABSOLUTELY HAVEN LLC,BOCA RATON,FL,https://absolutelyhaven.com,Absolutely Haven Home Health Care,,https://www.facebook.com/AbsolutelyHaven
1720663099,EMERALD CHOICE HOME CARE SOLUTIONS -AUSTIN LLC,ROUND ROCK,TX,,Emerald Choice Homecare Solutions - Austin,,https://www.facebook.com/EmeraldChoiceHomecareSolutionsAustin
1881573319,"AHC HOME HEALTH OF WACO, LLC",WACO,TX,https://ahcwaco.com,ahcwaco,,https://www.facebook.com/caringwaco
1508408436,"1 STOP CARE AGENCY, INC",ORLANDO,FL,,"1 Stop Sod & Landscaping, Inc.",,https://www.facebook.com/1stopsod
1356989859,OB TEAM HOME HEALTHCARE SERVICES,TOMBALL,TX,,A Team Home Services,,https://www.facebook.com/callateamtoday
1346479615,PARI HEALTHCARE INC,BROOKSHIRE,TX,,FacebookBrookshire's Pharmacy,,https://www.facebook.com/parishealthcarecenter
1598585614,2ND HOME SKILLED CARE SERVICES FLORIDA LLC,TAMPA,FL,,"TLC Skilled CARE, INC",,https://www.facebook.com/tlcskilledcare
1750913760,2 GOD B THY GLORY 4 HEALING ANGELS,ORLANDO,FL,,God's Healing Prophetic Ministries,,https://www.facebook.com/Godshealinginternationalministries
1205253044,ADVANCE ALL CARE CORP,MIAMI,FL,,Advance Therapy Center,,https://www.facebook.com/AdvanceTherapyCenter
1417317876,"A & Z HEALTH SERVICES, INC",TAMPA,FL,,A to Z Healthcare By Dr. Jiva,,https://www.facebook.com/atozhealthcareoffical
1124085238,ADVENTHEALTH HOME HEALTH AND HOSPICE INC,TEMPLE TERRACE,FL,,AdventHealth Hospice,,https://www.facebook.com/AdventHealthHospice
1629719729,"ADDLIFE CARE CONNECTION, LLC",HASTINGS,FL,,Addlife,,https://www.facebook.com/addlife.care
1710111968,"AFFINITY HEALTH CARE, LLC",LUFKIN,TX,https://affinity.com,Affinity Healthcare,,https://www.facebook.com/AffinityHealthcareTX
1194760165,"ADVANTAGE PLUS HOMECARE, INC.",JASPER,TX,https://advantageplushc.com,AdvantagePlusHomecare,,https://www.facebook.com/AdvantagePlusHomecare
1821312695,ADVOCATES FOR THE INDEPENDENT LLC,HOUSTON,TX,https://advocatesfortheindependent.com,AdvocatesCareTX,,https://www.facebook.com/AdvocatesCareTX
1942209275,"AFTERCARE VISITING NURSE SERVICE,LLC",CROCKETT,TX,http://www.hospital-data.com/hospitals/AFTERCARE-VISITING-NURSE-SERVICE-LLC-CROC,After-Care Nurses A Home Health Agency,,https://www.facebook.com/aftercarenurses
1255876884,ADVENT HOME CARE INC.,TEQUESTA,FL,,Advent Home Care,,https://www.facebook.com/adventhomecareFL
1356681613,ADVOCATE EDUCATION,NEW PORT RICHEY,FL,,Elevate Advocate,,https://www.facebook.com/Elevateadvocate
1770559718,"ACTIVA HEALTH SERVICES, INC.",STUART,FL,,Activa Home Health,,https://www.facebook.com/activahh
1285822049,A LOVIN TOUCH ANYTIME CARE,TALLAHASSEE,FL,,A Loving Touch Home Care,,https://www.facebook.com/alovingtouchhha
1710852512,AGAPE LOVE HEALTHCARE AGENCY INC,JACKSONVILLE,FL,,"Agape Health & Wellness Center, Inc.",,https://www.facebook.com/AagapeHealth
1033387386,A NEW DIMENSION HEALTHCARE SERVICES,MIAMI,FL,,New Dimensions Healthcare,,https://www.facebook.com/infonewdimensions
1730564527,"A SPECIAL ANGELS TOUCH, INC.",MIAMI,FL,,A Special Angel's Touch Inc,,https://www.facebook.com/ASpecialAngelsTouch
1265607345,A&Y HOME HEALTH OF TAMPA CORP,TAMPA,FL,,"AQM Home Health, Corp.",,https://www.facebook.com/aqmhomehealth
1275480394,ADVENTHEALTH HOME HEALTH AND HOSPICE INC,PORT CHARLOTTE,FL,,AdventHealth Hospice,,https://www.facebook.com/AdventHealthHospice
1376726208,A BIG IDEA HOME HEALTH CORP.,MIAMI,FL,,IDEA Care,,https://www.facebook.com/IdeaCareMalta
1679632483,"ALBORADA HOME HEALTH AGENCY, INC.",MIAMI,FL,,Alborada Clúster Residencial,,https://www.facebook.com/alboradacelhome
1386997997,"A NURSES TOUCH HEALTHCARE, INC.",VERO BEACH,FL,https://anursestouchhc.com/home,anursestouchhealthcare,,https://www.facebook.com/anursestouchhealthcare
1487830626,ACCESS NURSECARE INC.,HOLLYWOOD,FL,https://accessnursecare.com,"Access Nursecare, Inc.",,https://www.facebook.com/AccessNurseCare
1811152150,"AAA MARINELLI HOME HEALTH AGENCY, INC D.B.A. HOME INSTEAD SENIOR CARE",ORANGE PARK,FL,https://cortico.health/clinics/orange-park-fl/aaa-marinelli-home-health-agency-7,corticosoftware,,https://www.facebook.com/HomeInsteadJacksonville
1699440990,"ADELCARE II, INC",ORLANDO,FL,https://www.adelcare.com,AdelcareII,,https://www.facebook.com/Adelcare2inc
1477046241,ALWAYS THERE CARE CORP,JACKSONVILLE,FL,https://atcchha.com,"Always There To Care Home Care Services, LLC",,https://www.facebook.com/alwaystheretocare
1528801990,ABLAZE ABUNDANCE HOMECARE INC,OCALA,FL,https://ablazeabundancehomecare.com,Ablaze Abundance Homecare,,https://www.facebook.com/ablazeabundancehomecare
1114684461,ACMS HOME HEALTH SERVICES LLC,MIAMI,FL,,ACMS Home Health Services,,https://www.facebook.com/acmshomehealth
1093429334,ABSOLUTE HEALTH PROFESSIONALS INC,SANFORD,FL,,Absolute Health Professionals,,https://www.facebook.com/AbsoluteHealthProfessionals
1316304991,"ABUNDANT LIFE NURSING AND SUPPORTIVE SERVICES, LLC",TAVARES,FL,,"Abundant Life Nursing & Supportive Services, LLC",,https://www.facebook.com/abundantlifenursing
1588841571,"ACLARIS HOME HEALTH, LLC.",TAMPA,FL,,"Aclaris Home Health, LLC",,https://www.facebook.com/aclarishomehealth
1376549675,"ACTIVA HEALTH SERVICES, INC.",CORAL SPRINGS,FL,,Activa Home Health,,https://www.facebook.com/activahh
1083185722,"AD HOMEMAKER & COMPANION SERVICES, INC.",MIAMI,FL,,Homemaker Companion & Sitters,,https://www.facebook.com/HomemakerSitters
1033985767,ABSOLUTELY HAVEN II LLC,BOCA RATON,FL,https://absolutelyhaven.com,Absolutely Haven Home Health Care,,https://www.facebook.com/AbsolutelyHaven
1891043527,"ACTIVA HOMECARE, LLC",CORAL SPRINGS,FL,https://www.activahomehealth.com,activahh,,https://www.facebook.com/activahh
1649548777,ACTIVA HEALTH SERVICES,VERO BEACH,FL,https://www.activahomehealth.com,activahh,,https://www.facebook.com/activahh
1467300020,ACCOMMODATING HOME HEALTH CARE LLC,PLANT CITY,FL,https://accommodatinghhc.com/Contact.html,"Accommodating Healthcare Services,LLC",,https://www.facebook.com/Accommodatinghcs
1356813885,ABUNDANT LIFE NURSING LLC,MOUNT DORA,FL,https://abundantlifenursing.org,mary.birch.102977,,https://www.facebook.com/abundantlifenursing
1144768540,"ABILITY CARE SERVICES, INC.",CLERMONT,FL,https://abilitycareservices.com,"Ability Home Care, Inc.",,https://www.facebook.com/abilityhomecareinc
1114152295,"ACCLAIM HOME CARE SERVICES, INC.",TAMARAC,FL,https://www.acclaimhomecareservices.com/contact,AcclaimHCS,,https://www.facebook.com/AcclaimHCS
1073085825,YKKAEB HEALTH - CARE CENTER INC.,JACKSONVILLE,FL,,Ykkaeb Magazine,,https://www.facebook.com/ykkaebmag
1184868143,ADVENTHEALTH HOME HEALTH AND HOSPICE INC,BROOKSVILLE,FL,,AdventHealth Hospice,,https://www.facebook.com/AdventHealthHospice
1013716232,"ADVOCATE HEALTH AND HOMECARE, LLC",WEST PALM BEACH,FL,,Advocate In-Home Care,,https://www.facebook.com/AdvocateInHomeCarePalmBeachCounty
1689466252,AVAIL HEALTH AND BEHAVIORAL SOLUTIONS,TALLAHASSEE,FL,,Avail Health and Behavioral Solutions,,https://www.facebook.com/Availhealth
1134161318,ADVENTHEALTH HOME HEALTH AND HOSPICE INC,ORMOND BEACH,FL,,AdventHealth Hospice,,https://www.facebook.com/AdventHealthHospice
1023045853,ADVENTHEALTH HOME HEALTH AND HOSPICE INC,LEESBURG,FL,,AdventHealth Hospice,,https://www.facebook.com/AdventHealthHospice
1780617704,ADVENTHEALTH HOME HEALTH AND HOSPICE INC,DADE CITY,FL,,AdventHealth Hospice,,https://www.facebook.com/AdventHealthHospice
1518419977,ADVENTHEALTH HOME HEALTH AND HOSPICE INC,ALTAMONTE SPRINGS,FL,,AdventHealth Hospice,,https://www.facebook.com/AdventHealthHospice
1588033666,DIVERSE HOME CARE SERVICES INC,HIALEAH GARDENS,FL,,Diverse Home Care Services,,https://www.facebook.com/diversehomecareservices
1174161947,ALEDONNA HOMECARE LLC,NORTH MIAMI BEACH,FL,,Aledonna Deco,,https://www.facebook.com/Aledonnas
1740851435,SHEANAS CARE SUPPORT LLC,JACKSONVILLE,FL,,Sheanas Care Support LLC,,https://www.facebook.com/Sheanascaresupport
1588513832,ALI DILIGENT HOME CARE LLC,JACKSONVILLE,FL,,Diligent Home Health Care,,https://www.facebook.com/DiligentHHC
1922465368,"AEGEAN HOMECARE, LLC",TAMPA,FL,https://aegeanhomecare.com,Aegean Home Health Care,,https://www.facebook.com/aegeancare
1316426620,ADVOCATE IN-HOME CARE,DELRAY BEACH,FL,https://advocateinhomecare.com/cities/delray-beach-home-care,americaninhomecare,,https://www.facebook.com/AdvocateInHomeCarePalmBeachCounty
1235367400,ADVENTIST HOME CARE SERVICES,APOPKA,FL,https://citysquares.com/b/adventist-home-care-services-5798475,Adventist HealthCare Home Care Services,,https://www.facebook.com/AdventistHomeCareServices
1396901880,"AGELESS PLACEMENTS, INC.",CLEARWATER,FL,https://www.wellness.com/dir/6400866/home-care/fl/clearwater/ageless-placements-,wellness.com,,https://www.facebook.com/agelessplacementsinc
1710389275,AHC GLOBAL INC,CORAL SPRINGS,FL,https://ahcglobal.com,AccessibleHomeCare,,https://www.facebook.com/globaldoorsuppliers.llc
1285790253,"ADVANTAGE HOME HEALTH CARE GENERAL SERVICES, INC.",CASSELBERRY,FL,http://www.hospital-data.com/hospitals/ADVANTAGE-HOME-HEALTH-CARE-GENERAL-SERVIC,Advantage Home Health Care General Services.Inc,,https://www.facebook.com/advantagehhc
1457906349,"ALL AT HOME JACKSONVILLE, LLC",JACKSONVILLE,FL,,All At Home Healthcare,,https://www.facebook.com/allathomecare
1295388189,"ALL AT HOME TAMPA, LLC",TAMPA,FL,,Preferred Care at Home of South Tampa,,https://www.facebook.com/PCAHSouthTampa
1700067683,"ALL ABOUT YOU HOME HEALTH AGENCY, INC.",BOCA RATON,FL,,All About You Home Health,,https://www.facebook.com/AllAboutYouHomeHealth
1457188849,HOMEMAKER SUPPORT AND SERVICE COMPANION LLC,MIAMI,FL,,Homemaker Companion & Sitters,,https://www.facebook.com/HomemakerSitters
1467274928,AIDALY CARE IDAHO LLC,BOISE,ID,,Idaho Association for the Education of Young Children,,https://www.facebook.com/IdahoAEYC
1275819278,1 CARING HOME HEALTH,THE COLONY,TX,,Caring Home Health,,https://www.facebook.com/CaringHomeHealth
1538686761,BILLET HOME HEALTH INC - PEORIA,PEORIA,AZ,,Billet Home Health & Hospice,,https://www.facebook.com/billethomehealthandhospicebhc
1235216839,"ADVANTIS HOME CARE, INC.",MIAMI,FL,https://www.advantishomecare.net,AdvantisHC,,https://www.facebook.com/AdvantisHC
1255979639,ALLSTAR HOME CARE LLC,JACKSONVILLE,FL,https://www.allstar-homecare.com,Allstar Home Care,,https://www.facebook.com/allstarhc22
1154442069,"ALLIANCE HOME HEALTH OF BROWARD, INC.",DAVIE,FL,https://www.allianceofbroward.com/Contact-Alliance-Home-Health-of-Broward.html,pages,,https://www.facebook.com/Browardinsta954
1144621806,ALMENDRAL PARTNERS LLC,CLEARWATER,FL,https://feedam.org/resource/547741,feedamericaorg,,https://www.facebook.com/AnointedPrayerPartners
1932060589,ADEM ENTERPRISES LLC,MANSFIELD,TX,https://adementerprises.com,Adem entreprise,,https://www.facebook.com/ademindustrie
1053581629,ADVANT HOME HEALTH SERVICES INC,DALLAS,TX,https://www.advanthomehealth.com/home-health-care-services,"Advantage Home Health Services, Inc.",,https://www.facebook.com/AdvantageHHS
1326648122,AIRMID WELLNESS INC,CONROE,TX,https://airmidwellness.com,AirMid Wellness and Counseling Center,,https://www.facebook.com/Airmidwellness
1558832493,UNITED CARE SOLUTIONS,TALLAHASSEE,FL,https://unitedsolutions.net,unitedsolutionsplastics,,https://www.facebook.com/unitedcaresolutionsltd
1346684800,"SOUTHERN HOME CARE SERVICES, INC.",PENSACOLA,FL,https://southernhomecare.co,Southern Home Care Agency of Hattiesburg,,https://www.facebook.com/southernhomecarehburg
1447073200,ALPHA CARE INC,ORLANDO,FL,https://caringscout.com/home-care/FL/orlando/alpha-care-inc-32825,AlphaCare Inc.,,https://www.facebook.com/AlphaCareInc
1427938430,TOMBALL CAREGIVING COMPANY LLC,TOMBALL,TX,,Tomball Retirement Center,,https://www.facebook.com/TomballRetirementCenter1
1548486509,A BETTER CHOICE HOME HEALTH SERVICES INC,BROWNSVILLE,TX,,A Better Choice Home Health,,https://www.facebook.com/abetterchoicehhs
1063853927,AMARIS HEALTH CARE INC,DALLAS,TX,,Amaris Health Care Inc.,,https://www.facebook.com/amarishc
1437499092,OUR GUARDIAN ANGELS HOME HEALTH INC,LAREDO,TX,,Guardian Home Care,,https://www.facebook.com/GuardianHomeHealthCareLLC
1477932051,A LIFT FOR LIFE FOUNDATION,DALLAS,TX,,AlphaLift Foundation Repair,,https://www.facebook.com/alphalifttx
1861999682,"AGAPE HOME HEALTH AGENCY, LLC",DALLAS,TX,,Agape Home Health and Hospice,,https://www.facebook.com/agapehomehealth
1023631710,CORVEA SENIOR HELPERS LLC,TAMPA,FL,,"Senior Helpers of Tampa, FL",,https://www.facebook.com/seniorhelperstampa
1891948139,"A PLUS TEXAS MEDICAL SERVICES, P C",HOUSTON,TX,,A+ Medical Examiners,,https://www.facebook.com/aplusmedicalexaminers
1396200267,ALERIS HOME HEALTH INC,SUGAR LAND,TX,,Aleris Home Health,,https://www.facebook.com/alerishomehealth
1851587703,"A TOUCH WITH LOVE HOME HEALTH AGENCY, INC.",DALLAS,TX,,With Love & Care Home Health Services,,https://www.facebook.com/withloveandcarehhs
1689691552,"A SU SALUD HOME HEALTH, LLC",MCALLEN,TX,,Salud Home Care,,https://www.facebook.com/saludhomecare
1841232402,"ADVANCED HOME HEALTH SERVICES, INC.",HOUSTON,TX,,Advanced Home Health Services Seguin,,https://www.facebook.com/advancedhomehealthservicesseguin
1487898136,ALL BROWARD HOME HEALTH SERVICES INC,DAVIE,FL,,All Broward Home Health Services,,https://www.facebook.com/allbrowardhomehealth
1760859714,ADVENT HEALTHCARE,ORLANDO,FL,,AdventHealth Orlando,,https://www.facebook.com/AdventHealthOrlando
1164334504,ABICARE COMMUNITY CARE TEXAS LLC,HASLET,TX,,Abicare,,https://www.facebook.com/Abicare
1427224666,AGING PARADISE INC.,OAKLAND PARK,FL,https://agingparadise.com,Paradise Manor Assisted Living,,https://www.facebook.com/paradisemanorALF
1245800663,AEGIS HOMECARE LLC,MIAMI,FL,https://www.aegishca.com,wix,,https://www.facebook.com/aegishomecaremiami
1689094849,GODLY HEARTS HOME HEALTHCARE AGENCY LLC,HOUSTON,TX,https://houstonhomecare.org/agencies/godly-hearts-home-healthcare-agency-llc,Godly Hearts Home Healthcare Agency LLC,,https://www.facebook.com/godlyhearts.net
1477046035,ABSOLUTE PRIMARY CARE INC,GARLAND,TX,,Primary Home Care,,https://www.facebook.com/primaryhomecarepr
1285113233,ABUNDANCIA PERSONAL ASSISTANCE SERVICES INC.,EL PASO,TX,,Abundancia,,https://www.facebook.com/abundanciapr
1720491459,ACCUHEALTH,WEIMAR,TX,,Accuhealth Diagnostics,,https://www.facebook.com/AccuhealthDiagnostics
1700135712,"ACE KIDS CARE,INC",HOUSTON,TX,,Premier Kids Home Care,,https://www.facebook.com/premierkidshc
1003103862,ACTIONCARE REHABILITATION CENTER LLC,EL PASO,TX,,ActionCare Pediatric Therapy,,https://www.facebook.com/actioncarepediatrictherapy
1831351261,"ADAPTIVE HEALTH SERVICES, LLC",SAN ANTONIO,TX,,Adaptive Health Services,,https://www.facebook.com/AdaptiveHealth
1265313936,A FIVE STAR SERVICES,HOUSTON,TX,,Five Star Services,,https://www.facebook.com/fivestarservices0056
1700913043,"ADEPT ONE HOME HEALTH, INC.",CARROLLTON,TX,,Adept Home Health Inc.,,https://www.facebook.com/AdeptHomeHealth.PrivateDuty
1073757191,ALTERNATIVE HEALTHCARE INC. OF SOUTH FLORIDA,MIAMI,FL,,"Gang Alternative, Inc.",,https://www.facebook.com/gangalternative
1669958211,CARE TO SHARE ACADEMY,WEST PALM BEACH,FL,,Career Academy of the Palm Beaches,,https://www.facebook.com/CareerAcademyofthePalmBeaches
1407033665,ALAMO COMPANION SERVICES LLC,SAN ANTONIO,TX,,Alamo Area Home Care Council,,https://www.facebook.com/AlamoAreaHomeCareCouncil
1841525458,ALINE HOME HEALTHCARE OF TEXAS INC,DALLAS,TX,,Fisioterapia Home Care Dra. Aline Melo,,https://www.facebook.com/alinemelofisioterapeuta
1578055000,A UNIQUE HEART & HANDS,FORT WORTH,TX,,Unique Home Care NI,,https://www.facebook.com/UniqueHomeCareNI
1417071200,A&T MULTI-HEALTHCARE SERVICES LLC,HOUSTON,TX,,"A & K Multi-Services, LLC",,https://www.facebook.com/akmultiservices
1578141859,AA CARE LLC,CHANDLER,AZ,,Chandler CARE Center,,https://www.facebook.com/ChandlerCareCenter
1497049779,"ACCOMMODATING HEALTHCARE SERVICES, LLC",FORT WORTH,TX,https://www.accommodatinghcs.com,accommodatinghcs,,https://www.facebook.com/Accommodatinghcs
1093460222,ACTIONCARE HOME CARE SERVICES INC.,HOUSTON,TX,https://www.care.com/b/l/actioncare-home-care-services-inc/houston-tx,caredotcom,,https://www.facebook.com/ActionCareHomeCare
1821033283,ADEPT TWO HOME HEALTH INC.,SAN ANTONIO,TX,https://feedam.org/resource/541980,feedamericaorg,,https://www.facebook.com/AdeptHomeHealth.PrivateDuty
1083471577,A NEW BEGINNING HEALTH CARE LLC,PEORIA,AZ,https://anewbeginning.com,A New Beginning Health Care,,https://www.facebook.com/Anewbeginninghealthcare
1386908473,"ALIVIA CARE SOLUTIONS, INC.",JACKSONVILLE,FL,https://aliviacareathome.com,Aliviacareathome,,https://www.facebook.com/AliviaCare
1114449956,"ADVISACARE SOLUTIONS OF ARIZONA, LLC",TUCSON,AZ,,AdvisaCare Home Care,,https://www.facebook.com/AdvisaCareTucsonAZ
1396459806,A LIFE SAVER ASSISTED LIVING LLC,KATY,TX,https://alifesaverassistedliving.com,A Life Saver Home Care,,https://www.facebook.com/alifesaverhomecare
1881255149,"ALL TOGETHER HOME HEALTH SOLUTIONS, CORPORATION",SCOTTSDALE,AZ,,All Together Home Health,,https://www.facebook.com/alltogetherhh
1538912217,APACHE ANGELS LOVE CARE LLC,APACHE JUNCTION,AZ,,Brookdale Apache Junction,,https://www.facebook.com/BrookdaleApacheJunction
1992014625,"ASPIRE HOME HEALTHCARE OF ARIZONA, INC.",SCOTTSDALE,AZ,,Aspire Home Healthcare,,https://www.facebook.com/AspireHomeHealthofArizona
1770024317,A LIFE SAVER HOME CARE LLC,KATY,TX,https://houstonhomecare.org/agencies/a-life-saver-home-care-llc,A Life Saver Home Care,,https://www.facebook.com/alifesaverhomecare
1447190137,"AHC HOME HEALTH OF DALLAS, LLC",DALLAS,TX,https://hospice.io/hospice/ahc-home-health-of-dallas-llc-dallas-tx,Always Best Care Dallas / Collin County,,https://www.facebook.com/abcdallastx
1720333669,A DREAM COME TRUE HOME CARE,HARLINGEN,TX,,"Dream Care, LLC",,https://www.facebook.com/dreamcarehomehealth
1407109747,5 STAR QUALITY HOME CARE LLC,MCKINNEY,TX,,Five Star Quality Home Care,,https://www.facebook.com/fivestarqualityhomecare
1376583617,"ACCENTCARE HOME HEALTH OF CALIFORNIA, INC.",SAN DIEGO,CA,,California Home Care Referrals,,https://www.facebook.com/californiahomecarereferralagency
1013237965,"AGC HOME HEALTH, INC",HOUSTON,TX,https://houstonhomecare.org/agencies/agc-home-health-inc,AGC Custom Homes,,https://www.facebook.com/agcustomhomestx
1972553717,"ALTRUISTIX NURSING SERVICES, INC",TUCSON,AZ,https://altruistixnurse.com/contact-us,"Altruistix Nursing Services, Inc",,https://www.facebook.com/AltruistixNursing
1245983444,HEAVENLY HANDS HOMECARE LLC,FORT WORTH,TX,https://heavenlyhandshomecarellc.com,Heavenly Hands Home Care LLC,,https://www.facebook.com/HeavenlyHandsHomeCareTX
1942076203,A BEAMING YOU HOME CARE LLC,PEARLAND,TX,https://abeamingyouhomecare.org/contact-us,abeamingyouhomecare,,https://www.facebook.com/abeamingyouhomecare
1033984638,ABORIGINAL HEALTH INC,CASA GRANDE,AZ,https://urgentcarelocations.org/place/aboriginal-health-inc-506044,Aboriginal Healthcare Inc.,,https://www.facebook.com/aboriginalhealthcareinc
1780401117,"HEIGHT OF HOPE HOME CARE, INC.",HOUSTON,TX,https://heightofhopecare.net,HeightofHopeHomeCare,,https://www.facebook.com/HeightofHopeHomeCare
1023271434,MARTIN LIFE SOLUTION INC,MIAMI,FL,,"MARTIN MEDICAL SERVICES & SOLUTIONS, INC",,https://www.facebook.com/MARTINMEDICALSERVICES
1720904634,PLANET HOME HEALTH LLC,FORNEY,TX,,Planet Home Care,,https://www.facebook.com/planethomecare
1912742560,COLSTON CONSULTING TRAINING AND EDUCATIONAL SERVICES LLC,HOUSTON,TX,,Consulting & Training Services,,https://www.facebook.com/ConsultingAndTrainingServices
1750733598,"EL BUEN CAMINO HOME HEALTH CARE, LLC",BROWNSVILLE,TX,,"El Buen Camino Home Health Care, LLC",,https://www.facebook.com/elbuencaminohh
1649196965,LEGEND WELLNESS HOME DIALYSIS,HOUSTON,TX,,Legend Infusion,,https://www.facebook.com/legendinfusion
1578882049,"DESERT TRAILS HOME HEALTH, LLC",BULLHEAD CITY,AZ,,Desert Family Home Health,,https://www.facebook.com/DesertFamilyHomeHealth
1316523129,DEPENDABLE HOME HEALTH OF PHOENIX LLC,PHOENIX,AZ,,Dependable Homecare LTD,,https://www.facebook.com/DependableHomecareLTD
1952357964,"ACCENTCARE HOME HEALTH OF CALIFORNIA, INC.",MISSION HILLS,CA,,California Home Care Referrals,,https://www.facebook.com/californiahomecarereferralagency
1427817113,A1 ATHOME CARE INC,HOUSTON,TX,,AtHome care,,https://www.facebook.com/AtHomeCareGroupUK
1790202430,4KIDS ABA THERAPY SERVICES INC,MIAMI,FL,,4KIDS Miami,,https://www.facebook.com/4KIDSMiami
1710522982,AT MY VILLAGE HOME HEALTH CARE,DALLAS,TX,,Village Home Health & Hospice,,https://www.facebook.com/myvillagehomehealth
1437919305,ABLISS HOME CARE,FORT WORTH,TX,,ABliss Care,,https://www.facebook.com/ablisscare
1588981708,"ABILITY HOMECARE, LLC",SAN ANTONIO,TX,https://abilityhomecare.com,DomainMarketCom,,https://www.facebook.com/showmyability
1356308886,ABUNDANT HEALTH CARE INC,MCALLEN,TX,https://abundant.com,Abundant Health Care Inc.,,https://www.facebook.com/AbundantHealthCareInc
1487823514,ESTRELLA THERAPY SERVICES,GOODYEAR,AZ,https://www.directionus.com/az/goodyear/estrella-therapy-services,Estrella Family Care and Aesthetics,,https://www.facebook.com/estrellafamilycareandaesthetics
1992514434,ALL ABOUT CARE LLC,HOUSTON,TX,https://www.aahcare.com,All About Home Care,,https://www.facebook.com/AllAboutHC
1053074922,NEW BEGINNING HOME HEALTH SERVICES LLC,THE COLONY,TX,https://newbeginning.net,New Beginning HCSP LLC,,https://www.facebook.com/newbeginninghcsp
1023761541,LOVING ARMS SENIOR ASSISTANCE LLC,HOUSTON,TX,https://lovingarms.net,Loving Arms Senior Assistance - TX,,https://www.facebook.com/lovingarmsseniorassistancetx
1881325363,"A TOUCH OF GRACE CARE, LLC",ARLINGTON,TX,https://www.atouchofgraceprivatecare.com,ATouchOfGraceCare,,https://www.facebook.com/ATouchOfGraceCare
1033298476,"ACCLAIM HOME HEALTH, INC.",IRVING,TX,,"Acclaim Homecare Svc., LLC",,https://www.facebook.com/Acclaimhomecare
1306544689,"ACCENTCARE HOME HEALTH OF HOUSTON - NORTH, LLC",HOUSTON,TX,,"North Home Healthcare, LLC.",,https://www.facebook.com/NorthHomeHealthcare
1033713698,VON ELIJAH HOME HEALTH CARE,HOUSTON,TX,,Elijah L. Houston,,https://www.facebook.com/elijah.l.houston
1134494842,ACTI-KARE INC,TAMPA,FL,https://actikare.com,ActiKareCorp,,https://www.facebook.com/ActiKareCorp
1639763212,JEMA SERVICES INC,MIAMI,FL,,JEMA Servicios,,https://www.facebook.com/SG.Distribuidora.JEMA
1912228727,"ACCENTCARE HOME HEALTH OF ROGUE VALLEY, LLC",MEDFORD,OR,,Rogue Valley Home Care Inc.,,https://www.facebook.com/Roguevalleyhomecareinc
1477067049,BENEVOLENT HEART LLC,JACKSONVILLE,FL,,"Benevolent Heart, LLC",,https://www.facebook.com/Benevolentheartllc
1568115327,BOAZ COMPANION SERVICES LLC,NORTH LAUDERDALE,FL,,"Boaz Companion Services, LLC",,https://www.facebook.com/boazcompanionservices
1104623255,BROWARD ELITE CARE GROUP INC.,MIRAMAR,FL,,Elite Home Health,,https://www.facebook.com/elitehomehealthsvcs
1104545953,CARTERS CONFIDENT CARE,LAKE CITY,FL,,Carter's Confident Care,,https://www.facebook.com/CartersConfidentCare
1841948700,BAY HILL HOME HEALTH LLC,ORLANDO,FL,,Bay Hill Village,,https://www.facebook.com/BayHillVillage
1235705260,ADORABLE PRIMARY HOME CARE INCORPORATED,BROWNSVILLE,TX,https://www.adorablephc.com/indexen.php,adorableprimaryhomecare,,https://www.facebook.com/adorableprimaryhomecare
1326480872,"DENALI CRT, LLC",DORAL,FL,https://www.denalibehaviorcrt.com/contact.html,Denali CRT,,https://www.facebook.com/DenaliBehavior
1639997380,BETTERELIEF CARE LLC,JACKSONVILLE,FL,https://betterelief.com,Betterelief Care,,https://www.facebook.com/BettereliefCare
1104016401,ELDER CARE SERVICES INC,TALLAHASSEE,FL,https://eldercarebigbend.org,ElderCareBB,,https://www.facebook.com/ElderCareBB
1003700790,BEAUTIFUL BODY RECOVERY,GEORGETOWN,TX,https://beautifulbody.com,Beautiful Body Recovery,,https://www.facebook.com/beautifulbodyrecovery
1639547011,HUMBLE CARE INC,MISSION,TX,https://humblecare.net,Humble CARE INC,,https://www.facebook.com/humblecareinc
1528248085,"ALEGRIA PRIMARY HOME CARE, INC.",MCALLEN,TX,https://www.alegriaphc.com,Alegria-Primary-Home-Care-Inc-576952512411812,,https://www.facebook.com/alegriaprimaryhomecare
1871060194,"JAM HEALTHCARE SERVICES, LLC",ORLANDO,FL,https://www.medicarelist.com/mental-health/jam-healthcare-services-llc-orlando-f,JAM Healthcare,,https://www.facebook.com/jamhealthcare
1366137341,"FIG TREE OUTREACH, LLC",ORLANDO,FL,,Fig Tree Outreach,,https://www.facebook.com/figtreeoutreach
1760042824,HEALTHY HOME FIRST HOME HEALTH AGENCY LLC,DELRAY BEACH,FL,,Healthy Home First Home Health Agency,,https://www.facebook.com/healthyhomefirst
1427716505,EXCELLENT COMPANION CARE,SANFORD,FL,,Excellent Care Home Care,,https://www.facebook.com/ExcellentCareFL
1922451699,GARCIA REEVES CORPORATION,JACKSONVILLE,FL,,Garcia Refinery Corporation - Gareco,,https://www.facebook.com/GarciaRefineryCorporation
1144049438,JOYFUL HAVEN SUPPORTIVE SERVICES LLC,TAVARES,FL,,Joyful Haven Supportive Services,,https://www.facebook.com/joyfulhaven
1861268435,LONEYMAECARES LLC,SAINT PETERSBURG,FL,,Loneymaecares,,https://www.facebook.com/Loneymaecares
1346932670,MIRACLE HANDS,OCALA,FL,,Miracle Hands Home Care,,https://www.facebook.com/Miraclehands5818
1396338745,NAVICARE PROVIDER SOLUTIONS,WINTER HAVEN,FL,,NaviCare Solutions,,https://www.facebook.com/navicaresolutions
1437746435,"QWESTCARE HOME HEALTH, LLC",ORANGE CITY,FL,,QwestCare Home Health,,https://www.facebook.com/QwestCareHomeHealth
1184344640,SENIOR HELPER AT HOME LLC,JACKSONVILLE,FL,,Senior Helpers Jacksonville,,https://www.facebook.com/SeniorHelpersNorthCoast
1265042899,ARK HEALTHCARE LLC,ORLANDO,FL,https://www.medicarelist.com/mental-health/ark-healthcare-llc-orlando-fl,ARK Healthcare,,https://www.facebook.com/arkhealthcareofficial
1174784631,FIRST IN CARE HOME HEALTH AGENCY INC,BRADENTON,FL,https://www.firstincare.com/contact-us,firstincare,,https://www.facebook.com/firstincare
1225308232,NURSE LINK LLC,APOLLO BEACH,FL,https://nurselink.com,Nurse Link,,https://www.facebook.com/nurselink.info
1205754116,HARMONY HOME LIVING CENTER,RIVERVIEW,FL,https://harmonyliving.com,Facebook6 Harmony Foundation Inc,,https://www.facebook.com/HarmonyRiverLivingCenterPHS
1720850274,JOYFUL HOMECARE SERVICES LLC,PLANT CITY,FL,https://joyfulhomecare.com,joyforseniors,,https://www.facebook.com/JoyfulFL
1932686920,"NORTH FLORIDA HOME CARE, LLC",JACKSONVILLE,FL,http://nfhsonline.com,North Florida Care Services,,https://www.facebook.com/NorthFLCareServices
1558092163,"VICEROY HOME HEALTH, LLC",OCALA,FL,https://viceroyhomecare.com/contact-us,Viceroy Home Health,,https://www.facebook.com/viceroyhomeservices
1629953765,THE HONEY BEE GROUP LLC,JACKSONVILLE,FL,https://www.medicarelist.com/mental-health/the-honey-bee-group-llc-jacksonville-,The Honey Bee Group,,https://www.facebook.com/Africanhoneybees
1003295940,OPEN ARMS,OCALA,FL,https://openarmsvillageocala.org,OpenArmsVillageOcala,,https://www.facebook.com/openarmsfund
1548793722,BURD HOME HEALTH LLC,ROCHESTER,NY,,BURD Home Health,,https://www.facebook.com/burdhomehealth
1093526998,WECARE GROUP,JACKSONVILLE,FL,,Wecare - Siêu thị công nghiệp,,https://www.facebook.com/wecareyourproduct
1043679749,"UNITED HOMEMAKER&COMPANIONSERVICE,INC",JACKSONVILLE,FL,,United Homemaker & Companion Service Inc,,https://www.facebook.com/UnitedHomemakerCompanionServiceInc
1235722893,WINGS OF AN ANGEL INC,LOXAHATCHEE,FL,,"Wings of an Angel, Inc",,https://www.facebook.com/WingsofanAngelInc
1669216982,A BEST PRIMARY HOME CARE LLC,LAREDO,TX,,"Alegria Primary Home Care, Inc.",,https://www.facebook.com/alegriaprimaryhomecare
1386533248,A&J HEALTHCARE SOLUTIONS INC,HOUSTON,TX,,Healthcare Solutions Inc.,,https://www.facebook.com/healthcaresolutionsinc
1306779509,WYLD OAK CARE AND SUPPORT INC.,OCOEE,FL,,Wyld Oaks,,https://www.facebook.com/wyldoaks
1811842438,ALBUQUERQUE CAREGIVING COMPANY LLC,ALBUQUERQUE,NM,,Senior Helpers of Albuquerque,,https://www.facebook.com/SHAlbuquerqueNM
1194412601,ADHERENCE HOME HEALTHCARE LLC,FATE,TX,,Adherence Home,,https://www.facebook.com/adherencehome
1548430457,A PLUS GENTLE CARE,HOMESTEAD,FL,,Gentle Loving Home Care,,https://www.facebook.com/gentlelovinghomecare
1376149740,A KIND GESTURE HOMECARE AGENCY,HOUSTON,TX,https://www.akindgesturehomecare.com/home-care-services-in-houston-texas,AkindGestureHomecare,,https://www.facebook.com/AkindGestureHomecare
1992433155,ASSIST TO LIVE HOME CARE CAREGIVER SERVICES,KATY,TX,,Homewatch CareGivers,,https://www.facebook.com/CareGiversKatytx
1841043437,BEST HOME HEALTHCARE SERVICES LLC,FORNEY,TX,,Absolute Best Care LLC,,https://www.facebook.com/absolute.best.care.llc
1053917971,BLUEBONNET PRIMARY HOME CARE LLC,BROWNSVILLE,TX,,Bluebonnet Primary Home Care LLC,,https://www.facebook.com/BluebonnetPHC
1568117729,ABSOLUTE BEST HEALTH CARE INC,HOUSTON,TX,https://absolute-bhc.com,Absolute Best Care LLC,,https://www.facebook.com/absolute.best.care.llc
1750956520,"ANTHEM HOME CARE, INC.",LEWISVILLE,TX,https://hospice.io/hospice/anthem-home-care-inc-lewisville-tx,Anthem Home Care,,https://www.facebook.com/AnthemHomeCare
1265924294,AMEDICUS HOSPICE INC.,DALLAS,TX,https://amedicushospice.org,Amedicus Hospice,,https://www.facebook.com/Amedicushospice
1699612267,WECARE GROUP,ORANGE PARK,FL,https://bisprofiles.com/fl/wecare-group-l24000354458,Wecare - Siêu thị công nghiệp,,https://www.facebook.com/wecareyourproduct
1881422491,DESTINY HELPER SERVICES LLC,KATY,TX,,Destiny Helper Services LLC,,https://www.facebook.com/destinyhelperservicesllc
1598312407,"COMPASSIONATE PERSONAL CARE SERVICES TX, LLC",DALLAS,TX,,Compassionate Hands Companion Services LLC,,https://www.facebook.com/CompassionateHandsServices
1114962859,AHP HOME HEALTHCARE INC.,JACKSONVILLE,FL,,"AHP Home Health Care, Inc.",,https://www.facebook.com/ahphomehealthcare
1356296420,FANAR 1 COMMUNITY HEALTH,SPRING,TX,,فنار fanar,,https://www.facebook.com/fanar.counseling
1306512074,5 STAR HEALTH GROUP LLC,VIRGINIA GARDENS,FL,,5 Star Health,,https://www.facebook.com/5StarHealthGroup
1104965011,"A & R HOME HEALTH CARE, INC",MIAMI,FL,,Angel Home Care Services,,https://www.facebook.com/angelhomecareservicesmiami
1407634256,FULSHEAR HOME HEALTH SERVICES LLC,FULSHEAR,TX,,City of Fulshear,,https://www.facebook.com/CityofFulshear
1013443373,"FIESTA PRIMARY HOME CARE, LLC",LAREDO,TX,,Fiesta Primary Home Care LLC,,https://www.facebook.com/FiestaPHC
1093813149,FRONTVIEW PROVIDER SERVICES INC,IRVING,TX,,VOIP Services Provider,,https://www.facebook.com/Voipservicesproviders
1265249684,KINDERCARE HEALTH SERVICES LLC,ALLEN,TX,,Hamilton Health Place KinderCare,,https://www.facebook.com/KinderCareHamiltonTownshipNJ
1538895974,"A SPECIAL PLACE, LLC",OCALA,FL,,A Special Place: Local Art & Gifts,,https://www.facebook.com/aspecialplace.navarre
1992809263,"ALDESI OF FLORIDA, INC.",MIAMI,FL,,Aldesi of Florida Home Health Care,,https://www.facebook.com/Aldesiofflorida
1205527918,"GLOBALITY, LLC",BROWNSVILLE,TX,https://globality.com,Globality,,https://www.facebook.com/globalityllc
1972472264,GEORGETOWN CAREGIVING COMPANY LLC,GEORGETOWN,TX,https://local.yahoo.com/info-240386071-georgetown-caregiving-company-llc-georget,yahoo,,https://www.facebook.com/georgetownntc
1073617114,GUARDIAN ANGELS ATHOME CARE INC,RICHARDSON,TX,https://guardianangels.org,"Guardian Angel Home Health Care, Inc. & GAPS",,https://www.facebook.com/GuardianAngelHHC
1730699075,JIBOP HOME CARE LLC,HOUSTON,TX,https://houstonhomecare.org/agencies/jibop-home-care-llc,Jibop Home Care,,https://www.facebook.com/jibophomecare
1053140145,GLOVIN HEALTHCARE SERVICES LLC,MIDLOTHIAN,TX,https://dallashomecare.org/agencies/glovin-healthcare-services-llc,Glovin household products,,https://www.facebook.com/glovinhouseholdproducts
1043956618,"GOOD PURPOSE HEALTHCARE SERVICES, LLC",FATE,TX,https://www.goodpurposehealthcare.com/about-us,goodpurposehealthcareservices,,https://www.facebook.com/GoodPurposeNannies
1477751568,"LIFEGATE HEALTHCARE SERVICES, INC.",GARLAND,TX,,Lifegate Healthcare Services Inc,,https://www.facebook.com/lifegatehealthcaresrvcs
1609104132,"ABC NURSE REGISTRY, INC.",HOLLYWOOD,FL,,ABC Nurse Registry,,https://www.facebook.com/www.Abcnurse4u
1881218527,MANIFEST HOME HEALTH LLC,AUSTIN,TX,,Manifest Home Health,,https://www.facebook.com/manifesthomehealth
1023825171,KATY CAREGIVING COMPANY LLC,HOUSTON,TX,,Homewatch CareGivers,,https://www.facebook.com/CareGiversKatytx
1023382363,RYZOLVE LLC,NEW WAVERLY,TX,,Ryzolve,,https://www.facebook.com/ryzolve
1326786922,REGINA'S HEALING HANDS HEALTHCARE AGENCY,HUMBLE,TX,,Healing Hands Healthcare,,https://www.facebook.com/healinghandshealthcarellc
1518484351,"ST. TERESA OF CALCUTTA HOME HEALTH, LLC",AUSTIN,TX,,Saint Teresa of Calcutta Maronite Catholic Mission,,https://www.facebook.com/StTeresaMaronite
1801303987,SISTERLY LOVE HEALTH CARE,SPRING,TX,,Sisterly Love Care,,https://www.facebook.com/sisterlylovecare
1982464780,"SPERICARE INNOVATIVE HEALTHCARE SERVICES, LLC",HOUSTON,TX,,Innovative Health Services Inc.,,https://www.facebook.com/innovativehealthservices
1457485864,SERENITY HEALTHCARE SERVICES INC,STAFFORD,TX,,"Serenity Healthcare Services, Inc",,https://www.facebook.com/serenityhealthcareservices
1487342937,A1 ANGEL SENIOR CARE CORP,FORT LAUDERDALE,FL,,A1 Angel Senior Care Corp,,https://www.facebook.com/A1AngelSeniorCareCorp
1083199004,TRUCARE HEALTH SERVICES LLC,LAREDO,TX,,"TruCare Personal Care Services, LLC.",,https://www.facebook.com/trucarepcs
1073978011,A-5TH HOME CARE,TAMPA,FL,,Home Care in Tampa,,https://www.facebook.com/homecareintampa
1740762020,SPRING OF LIFE HEALTH CARE,PLANO,TX,https://springlife.com,Spring Creek Plano,,https://www.facebook.com/SpringCreekPlano
1265201743,REHOBOTH HOME CARE INC LLC,RICHMOND,TX,https://houstonhomecare.org/agencies/rehoboth-home-care-inc-llc,Rehoboth Home Care Inc.,,https://www.facebook.com/rehobothhomecareinc
1245506211,TWO HEARTS HOME HEALTH LLC,ODESSA,TX,https://rebeccagreerr.wixsite.com/twoheartshomehealth,Twoheartshomehealth.tx,,https://www.facebook.com/Twoheartshomehealth.tx
1508427550,"WE CARE PROVIDER SERVICES, LLC",HOUSTON,TX,https://wecareprovidersvcs.com/home-care-about-us,wecareprovidersvcs,,https://www.facebook.com/wecareprovidersvcs
1487220901,A RAY OF HOPE HOMEMAKER AND COMPANION SERVICES LLC,PENSACOLA,FL,https://www.merchantcircle.com/a-ray-of-hope-homemaker-and-companion-services--p,MerchantCirclecom,,https://www.facebook.com/asrayofhope
1184614091,"LOPEZ HEALTH SYSTEMS, INC",CRYSTAL CITY,TX,,"Lopez Health Systems, Inc.",,https://www.facebook.com/LopezHealthSystems
1225676521,NOAHS ARK UNITED HOME CARE LLC,SPRING,TX,,United Home Care,,https://www.facebook.com/unitedhomecaretx
1558707596,TKEYS PERSONAL CARE SERVICES,HOUSTON,TX,,Tkeys Personal Care Services,,https://www.facebook.com/tkeyspcs
1891675807,WOODLANDS CAREGIVING COMPANY LLC,THE WOODLANDS,TX,,Pamela's Companion Caregiving,,https://www.facebook.com/TheWoodlandsSeniorCare
1740876739,A & D BEHAVIOR SOLUTIONS LLC,HOMESTEAD,FL,,ABA Behavior Solutions LLC,,https://www.facebook.com/ABA.BehaviorSolutionsLLC
1316816739,CROSSPOINT HEALTH ALLIANCE INC,NICHOLS HILLS,OK,,Crosspoint Care Agency Ltd,,https://www.facebook.com/crosspointcare
1225972201,DELUXE CARE AGENCY,CORAL SPRINGS,FL,,Care Deluxe,,https://www.facebook.com/CareDeluxe
1487898094,ALBORADA HOME HEALTH SERVICES CORP,MIAMI,FL,,FacebookAlborada Clúster Residencial,,https://www.facebook.com/alborada.medspa
1295553485,ADVENTHEALTH HOME HEALTH AND HOSPICE INC,KISSIMMEE,FL,,AdventHealth Hospice,,https://www.facebook.com/AdventHealthHospice
1871357780,DRIGUS ADVENTURES,DOVER,DE,,DCR Adventures,,https://www.facebook.com/DCRAdventures
1265470298,FAIRBANKS MEMORIAL HOSPITAL,FAIRBANKS,AK,,Foundation Health Partners,,https://www.facebook.com/FairbanksMemorialHospital
1629634969,COMPANION CARE OF THE NATURE COAST,HUDSON,FL,,Nature Coast Health Care,,https://www.facebook.com/NatureCoastHealth
1841377280,COMPANIONS PLUS,CORAL SPRINGS,FL,https://companionsplus.com,Companions Plus Home Care,,https://www.facebook.com/CompanionsPlus
1447102058,SYNERGY HOME HEALTH AND RECOVERY LLC,TEMPLE TERRACE,FL,https://local.yahoo.com/info-240847930-synergy-home-health-recovery-llc-temple-t,yahoo,,https://www.facebook.com/SYNERGYHomeCareSebring
1699831685,"SOUTH PLAINS COMMUNITY ACTION ASSOCIATION, INC.",LEVELLAND,TX,https://spcaa.org,SouthPlainsCommunityAction,,https://www.facebook.com/SouthPlainsCommunityAction
1518305994,"ALL ABOUT YOU CAREGIVERS, INC.",OKEECHOBEE,FL,https://www.wellness.com/dir/6405635/home-care/fl/okeechobee/all-about-you-careg,wellness.com,,https://www.facebook.com/AllAboutYouCaregiversINC
1487135620,"EXTENDED FAMILY OF NORTH FLORIDA, LLC",PALM COAST,FL,https://www.care.com/b/l/extended-family-of-north-florida-llc/palm-coast-fl,caredotcom,,https://www.facebook.com/extendedfamilyofnorthflorida
1760328173,A2N GROUP LLC,ORLANDO,FL,https://npi-lookup.org/1760328173-a2n-group-llc-fl,A2N Groupe,,https://www.facebook.com/A2NGROUPE
1568834653,"ACCENTCARE HOME HEALTH AT UC SAN DIEGO HEALTH, LLC",SAN DIEGO,CA,,ComForCare Home Care,,https://www.facebook.com/ComForCareNorthSanDiego
1346119450,"1ST CARE SERVICE & SUPPORT, LLC",JACKSONVILLE,FL,,Sheanas Care Support LLC,,https://www.facebook.com/Sheanascaresupport
1114482254,247 CARE INC.,ORLANDO,FL,,24/7 Home Care Group,,https://www.facebook.com/247HomeCareGroupInc
1124643119,24/7 HOME HEALTHCARE INC.,MIAMI,FL,,24/7 Home Healthcare,,https://www.facebook.com/247HomeHealthcare
1093533572,1 CONCORDIA CARE LLC,MCALLEN,TX,,Concordia Home care and Nursing Services LLC,,https://www.facebook.com/concordiahomecareandnursingservicesLLC
1922467844,AMBASSADOR HEALTH SERVICES INC,TAMPA,FL,https://ambassador.org,Ambassador Limousine & Sedan,,https://www.facebook.com/AmbassadorLimousines
1942205125,"1ST TEXAS HOME HEALTH OF SAN ANGELO, INC.",SAN ANGELO,TX,,Angelo Home Care,,https://www.facebook.com/AngeloHomeCare
1760074157,2 PARTNERS ENTERPRISES LLC,DALLAS,TX,,2 Partners Logistics LLC,,https://www.facebook.com/2PartnersLogisticsLLC
1619427283,"ADVISACARE SOLUTIONS OF ARIZONA, LLC",PHOENIX,AZ,,"AdvisaCare Home Care - Phoenix, Arizona",,https://www.facebook.com/AdvisaCarePhoenixAZ
1881944205,ALEXA HOME HEALTH INC,PHOENIX,AZ,,Alexa Villa Senior Care Centre,,https://www.facebook.com/lxhalexamedical
1134119365,"ARCADIA THERAPY SERVICES OF ARIZONA, INC.",PHOENIX,AZ,https://arcadiatherapy.com,Arcadia Therapy Services,,https://www.facebook.com/Arcadia.Therapy.Services
1588477616,BANNER HOME CARE COLORADO,GREELEY,CO,https://www.bannerhealth.com/locations/greeley/banner-home-care-19th,BannerHealth,,https://www.facebook.com/BannerNorthColoradoMedicalCenter
1215328893,"1 STOP HEALTH CARE SERVICES, LLC",HOUSTON,TX,https://houstonhomecare.org/agencies/1-stop-health-care-services-llc,"1 Stop Health Care Services, LLC",,https://www.facebook.com/1StopHCSLLC
1215362272,1ADVOCATE HOME HEALTH,GARLAND,TX,https://dallashomecare.org/agencies/1advocate-home-health,1Advocate Home Health,,https://www.facebook.com/1advocatehomehealth
1386136042,HEALTHCARE GROUP OF FLORIDA,FORT LAUDERDALE,FL,https://orthopedic.io/physio-clinic/healthcare-group-of-florida-fort-lauderdale-,Physical Therapy Group of Florida,,https://www.facebook.com/ptgroupofflorida
1891939864,ASSISTEO US LLC,PHOENIX,AZ,,Assisteo Health,,https://www.facebook.com/AssisteoHealth
1972279867,1ST NURSE REGISTRY LLC,PORT SAINT LUCIE,FL,https://bisprofiles.com/fl/1st-nurse-registry-l20000023481,QualCare Nurse Registry,,https://www.facebook.com/qualcarenurseregistry
1871353201,DESERT VALLEY HEALTH CORP,PHOENIX,AZ,,Desert Valley Hospice & Palliative Care,,https://www.facebook.com/DesertValleyHospice
1285350298,ELYTRA CORP,PHOENIX,AZ,,Elytra: Seguridad en Altura,,https://www.facebook.com/elytraseguridadenaltura
1528824463,EXTREME CARE LLC,PHOENIX,AZ,,Extremehomecare,,https://www.facebook.com/ExtremehomecareNederland
1023972064,GRACE HOME CARE ARIZONA,PHOENIX,AZ,,La Grace Home care services,,https://www.facebook.com/LaGracehomecare
1366306300,GRACE HOME CARE ARIZONA LLC,PHOENIX,AZ,,La Grace Home care services,,https://www.facebook.com/LaGracehomecare
1467405498,"HERITAGE HOME HEALTHCARE OF ARIZONA, INC",PHOENIX,AZ,,Heritage Health Care Center,,https://www.facebook.com/heritagehealthcarecenter
1245224096,HOME HEALTH AGENCY - ARIZONA LLC,PHOENIX,AZ,,Arizona Home Health LLC,,https://www.facebook.com/ArizonaHomeHealth
1265621940,"1ST PRIORITY HOME HEALTH & COMMUNITY SERVICES, LLC",DALLAS,TX,,First Priority Home Healthcare Services LLC,,https://www.facebook.com/FirstPriorityHomeHealth
1518566249,1ST CARE OF NAPLES,BONITA SPRINGS,FL,https://ourseniors.net/services/united-states/florida/bonita-springs/home-care/1,ourseniors.net,,https://www.facebook.com/TheNaplesChurch
1801108956,"1 WORLD HOME CARE, L.L.C.",SAN ANTONIO,TX,https://www.1worldhomecare.com,1 World Home Care,,https://www.facebook.com/1worldhmcr
1437593159,HEALTHY LIVING AT HOME - ARIZONA LLC,PHOENIX,AZ,https://healthyliving.org,"Happy & Healthy Assisted Living Home, LLC",,https://www.facebook.com/happyhealthyassisted
1760062954,PEACE LIVING LLC,PHOENIX,AZ,https://peaceliving.com,"Living At Peace, LLC",,https://www.facebook.com/LivingAtPeace
1053178558,PHILLIPS MOBILE LABS LLC,PHOENIX,AZ,https://phillipsmobilelabs.com,Phillips Mobile Labs,,https://www.facebook.com/phillipsmobilelabs
1780928929,1ST ACCREDITED HOME CARE LLC,MIAMI,FL,https://www.1staccreditedhomecare.com,"1st Accredited Home Care, LLC",,https://www.facebook.com/1staccredited
1225826167,1ST CHOICE PROVIDER SERVICES PLLC,HOUSTON,TX,https://www.medicarelist.com/mental-health/1st-choice-provider-services-pllc-hou,Provider Care at Home,,https://www.facebook.com/providercareathome
1710187299,"ACCENTCARE OF CALIFORNIA, INC.",SAN DIEGO,CA,,California Home Care Referrals,,https://www.facebook.com/californiahomecarereferralagency
1033522297,ALL ABOUT CARING,INVERNESS,FL,https://allaboutcaring.org,"ALL About Caring Project, INC.",,https://www.facebook.com/AllAboutCaringProject
1144037268,ABEL HOME HEALTH LLC,LUTZ,FL,https://local.yahoo.com/info-238473625-abel-home-health-llc-lutz/;_ylt=A2RTL9x6v,yahoo,,https://www.facebook.com/AbelCareandSupportLtdLeominsterHerefordshire
1386751162,"ACCENTCARE OF NEW YORK, INC.",YONKERS,NY,https://profiles.health.ny.gov/home_care/view/13279,NYSDOH,,https://www.facebook.com/YorkHomeCare
1619675600,ABLOOM HEALTH CARE,TEMPE,AZ,https://abloomhealthcare.com,ABloom Home Care,,https://www.facebook.com/ABloomHomeCare
1700626132,"A SISTER'S WILL, INC",TAMPA,FL,,Sisters Healing Sisters Inc.,,https://www.facebook.com/sistershealing
1629118971,"A.C.T. HEALTHCARE SUPPORT SERVICES, INC",JACKSONVILLE,FL,,HealthCare Support,,https://www.facebook.com/healthcaresupportstaffing
1457816647,ALL INCLUSIVE CARE,FORT LAUDERDALE,FL,,Inclusive Home Care,,https://www.facebook.com/InclusiveHomeCareMelbourne
1447146881,1ST RAPHA HOME CARE LLC,RICHMOND,TX,,Rapha Home Healthcare Services,,https://www.facebook.com/raphahomehealthcareservices
1720360316,A CRYSTAL HOME HEALTH,BATESVILLE,TX,,Crystal Home Care,,https://www.facebook.com/crystalhomecareservice
1851697791,ACT VENTURE INC.,LUFKIN,TX,,Venture Forthe Inc.,,https://www.facebook.com/ventureforthe
1528333929,"ADVANTAGE SENIOR CARE, LLC",TEXARKANA,TX,,Advantage Seniors,,https://www.facebook.com/advantageseniors
1568217511,ALL AROUND MIRACLE LLC,MESA,AZ,,All Around,,https://www.facebook.com/AllAroundContracting
1528993425,ART OF LIVING HOME CARE LLC,PHOENIX,AZ,,Intentional Living Home Care LLC,,https://www.facebook.com/Intentionallivinghomecarellc
